17,KpA,KiA,KdA,setpointA,FEEDFWDA,KpB,KiB,KdB,setpointB,FEEDFWDB

31,1.00,0.00,0.00,1.50,60,1.00,0.00,0.00,1.50,60

50,inputA,outputA,a_adjust,inputB,outputB,b_adjust

66,KpA,KiA,KdA,setpointA,FEEDFWDA,KpB,KiB,KdB,setpointB,FEEDFWDB

84,10.00,0.00,0.00,1.50,60,10.00,0.00,0.00,1.50,60

101,inputA,outputA,a_adjust,inputB,outputB,b_adjust

117,KpA,KiA,KdA,setpointA,FEEDFWDA,KpB,KiB,KdB,setpointB,FEEDFWDB

132,10.00,25.00,0.00,1.50,60,10.00,25.00,0.00,1.50,60

152,inputA,outputA,a_adjust,inputB,outputB,b_adjust

166,KpA,KiA,KdA,setpointA,FEEDFWDA,KpB,KiB,KdB,setpointB,FEEDFWDB

183,10.00,25.00,0.00,1.50,60,10.00,25.00,0.00,1.50,60

202,inputA,outputA,a_adjust,inputB,outputB,b_adjust

215,KpA,KiA,KdA,setpointA,FEEDFWDA,KpB,KiB,KdB,setpointB,FEEDFWDB

232,10.00,25.00,0.00,2.50,60,10.00,25.00,0.00,2.50,60

250,inputA,outputA,a_adjust,inputB,outputB,b_adjust

268,0.00,1.50,60,0.00,1.50,60

284,0.00,27.12,60,0.00,27.12,60

301,0.00,27.12,60,0.00,27.12,60

317,0.00,27.12,60,0.00,27.12,60

335,0.00,27.12,60,0.00,27.12,60

349,0.00,27.75,60,0.00,27.12,60

371,0.00,27.75,60,0.00,27.75,60

382,0.00,27.75,60,0.00,27.75,60

400,0.00,27.75,60,0.00,27.75,60

415,0.00,27.75,60,0.00,27.75,60

432,0.00,28.37,60,0.00,27.75,60

450,0.00,28.37,60,0.00,28.37,60

468,0.00,28.37,60,0.00,28.37,60

482,0.00,28.37,60,0.00,28.37,60

499,0.00,29.00,60,0.00,28.37,60

517,0.00,29.00,60,0.00,28.37,60

534,0.00,29.00,60,0.00,29.00,60

550,0.00,29.00,60,0.00,29.00,60

568,0.00,29.00,60,0.00,29.00,60

585,0.00,29.62,60,0.00,29.00,60

601,0.00,29.62,60,0.00,29.62,60

616,0.00,29.62,60,0.00,29.62,60

634,0.00,29.62,60,0.00,29.62,60

649,0.00,30.25,60,0.00,29.62,60

666,0.00,30.25,60,0.00,29.62,60

685,0.00,30.25,60,0.00,30.25,60

699,0.00,30.25,60,0.00,30.25,60

718,0.00,30.25,60,0.00,30.25,60

731,0.00,30.87,60,0.00,30.25,60

751,0.00,30.87,60,0.00,30.87,60

768,0.00,30.87,60,0.00,30.87,60

784,0.00,30.87,60,0.00,30.87,60

798,0.00,30.87,60,0.00,30.87,60

818,0.00,31.50,60,0.00,30.87,60

834,0.00,31.50,60,0.00,31.50,60

850,0.00,31.50,60,0.00,31.50,60

869,0.00,31.50,60,0.00,31.50,60

882,0.00,31.50,60,0.00,31.50,60

902,0.00,32.13,60,0.00,32.13,60

917,0.00,32.13,60,0.00,32.13,60

933,0.00,32.13,60,0.00,32.13,60

950,0.00,32.13,60,0.00,32.13,60

965,0.00,32.75,60,0.00,32.13,60

983,0.00,32.75,60,0.00,32.75,60

1001,0.00,32.75,60,0.00,32.75,60

1016,0.00,32.75,60,0.00,32.75,60

1035,0.00,33.38,60,0.00,32.75,60

1050,0.00,33.38,60,0.00,33.38,60

1068,0.00,33.38,60,0.00,33.38,60

1084,0.00,33.38,60,0.00,33.38,60

1100,0.00,33.38,60,0.00,33.38,60

1118,0.00,34.00,60,0.00,34.00,60

1133,0.00,34.00,60,0.00,34.00,60

1149,0.00,34.00,60,0.00,34.00,60

1169,0.00,34.00,60,0.00,34.00,60

1182,0.00,34.00,60,0.00,34.00,60

1201,0.00,34.63,60,0.00,34.63,60

1216,0.00,34.63,60,0.00,34.63,60

1235,0.00,34.63,60,0.00,34.63,60

1250,0.00,34.63,60,0.00,34.63,60

1268,0.00,35.25,60,0.00,35.25,60

1282,0.00,35.25,60,0.00,35.25,60

1300,0.00,35.25,60,0.00,35.25,60

1317,0.00,35.25,60,0.00,35.25,60

1332,0.00,35.88,60,0.00,35.88,60

1350,0.00,35.88,60,0.00,35.88,60

1366,0.00,35.88,60,0.00,35.88,60

1385,0.00,35.88,60,0.00,35.88,60

1399,0.00,35.88,60,0.00,35.88,60

1418,0.00,36.50,60,0.00,36.50,60

1433,0.00,36.50,60,0.00,36.50,60

1448,0.00,36.50,60,0.00,36.50,60

1469,0.00,36.50,60,0.00,36.50,60

1482,0.00,37.13,60,0.00,36.50,60

1499,0.00,37.13,60,0.00,37.13,60

1516,0.00,37.13,60,0.00,37.13,60

1534,0.00,37.13,60,0.00,37.13,60

1551,0.00,37.13,60,0.00,37.13,60

1568,0.00,37.75,60,0.00,37.13,60

1582,0.00,37.75,60,0.00,37.75,60

1599,0.00,37.75,60,0.00,37.75,60

1615,0.00,37.75,60,0.00,37.75,60

1632,0.00,38.38,60,0.00,37.75,60

1650,0.00,38.38,60,0.00,38.38,60

1665,0.00,38.38,60,0.00,38.38,60

1685,0.00,38.38,60,0.00,38.38,60

1702,0.00,38.38,60,0.00,38.38,60

1715,0.00,39.00,60,0.00,38.38,60

1735,0.00,39.00,60,0.00,39.00,60

1750,0.00,39.00,60,0.00,39.00,60

1768,0.00,39.00,60,0.00,39.00,60

1783,0.00,39.63,60,0.00,39.00,60

1800,0.00,39.63,60,0.00,39.00,60

1815,0.00,39.63,60,0.00,39.63,60

1834,0.00,39.63,60,0.00,39.63,60

1851,0.00,39.63,60,0.00,39.63,60

1867,0.00,40.25,60,0.00,39.63,60

1885,0.00,40.25,60,0.00,40.25,60

1901,0.00,40.25,60,0.00,40.25,60

1915,0.00,40.25,60,0.00,40.25,60

1934,0.00,40.88,60,0.00,40.25,60

1948,0.00,40.88,60,0.00,40.88,60

1967,0.00,40.88,60,0.00,40.88,60

1984,0.00,40.88,60,0.00,40.88,60

2000,0.00,40.88,60,0.00,40.88,60

2018,0.00,41.50,60,0.00,40.88,60

2033,0.00,41.50,60,0.00,41.50,60

2051,0.00,41.50,60,0.00,41.50,60

2066,0.00,41.50,60,0.00,41.50,60

2084,0.00,41.50,60,0.00,41.50,60

2101,0.00,42.13,60,0.00,42.13,60

2116,0.00,42.13,60,0.00,42.13,60

2132,0.00,42.13,60,0.00,42.13,60

2152,0.00,42.13,60,0.00,42.13,60

2167,0.00,42.13,60,0.00,42.13,60

2183,0.00,42.75,60,0.00,42.75,60

2200,0.00,42.75,60,0.00,42.75,60

2218,0.00,42.75,60,0.00,42.75,60

2233,0.00,42.75,60,0.00,42.75,60

2250,0.00,43.38,60,0.00,43.38,60

2268,0.00,43.38,60,0.00,43.38,60

2281,0.00,43.38,60,0.00,43.38,60

2300,0.00,43.38,60,0.00,43.38,60

2317,0.00,43.38,60,0.00,43.38,60

2333,0.00,44.00,60,0.00,44.00,60

2349,0.00,44.00,60,0.00,44.00,60

2367,0.00,44.00,60,0.00,44.00,60

2382,0.00,44.00,60,0.00,44.00,60

2403,0.00,44.63,60,0.00,44.63,60

2418,0.00,44.63,60,0.00,44.63,60

2433,0.00,44.63,60,0.00,44.63,60

2451,0.00,44.63,60,0.00,44.63,60

2465,0.00,44.63,60,0.00,44.63,60

2484,0.00,45.25,60,0.00,45.25,60

2501,0.00,45.25,60,0.00,45.25,60

2515,0.00,45.25,60,0.00,45.25,60

2533,0.00,45.25,60,0.00,45.25,60

2550,0.00,45.88,60,0.00,45.88,60

2568,0.00,45.88,60,0.00,45.88,60

2584,0.00,45.88,60,0.00,45.88,60

2599,0.00,45.88,60,0.00,45.88,60

2615,0.00,45.88,60,0.00,45.88,60

2634,0.00,46.50,60,0.00,46.50,60

2649,0.00,46.50,60,0.00,46.50,60

2667,0.00,46.50,60,0.00,46.50,60

2684,0.00,46.50,60,0.00,46.50,60

2698,0.00,46.50,60,0.00,46.50,60

2718,0.00,47.13,60,0.00,47.13,60

2733,0.00,47.13,60,0.00,47.13,60

2750,0.00,47.13,60,0.00,47.13,60

2766,0.00,47.13,60,0.00,47.13,60

2782,0.00,47.13,60,0.00,47.13,60

2803,0.00,47.75,60,0.00,47.75,60

2816,0.00,47.75,60,0.00,47.75,60

2834,0.00,47.75,60,0.00,47.75,60

2849,0.00,47.75,60,0.00,47.75,60

2872,0.00,48.38,60,0.00,48.38,60

2883,0.00,48.38,60,0.00,48.38,60

2899,0.00,48.38,60,0.00,48.38,60

2916,0.00,48.38,60,0.00,48.38,60

2933,0.00,48.38,60,0.00,48.38,60

2950,0.00,49.00,60,0.00,49.00,60

2966,0.00,49.00,60,0.00,49.00,60

2986,0.00,49.00,60,0.00,49.00,60

3001,0.00,49.00,60,0.00,49.00,60

3016,0.00,49.63,60,0.00,49.63,60

3035,0.00,49.63,60,0.00,49.63,60

3050,0.00,49.63,60,0.00,49.63,60

3065,0.00,49.63,60,0.00,49.63,60

3085,0.00,49.63,60,0.00,49.63,60

3099,0.00,50.25,60,0.00,50.25,60

3116,0.00,50.25,60,0.00,50.25,60

3135,0.00,50.25,60,0.00,50.25,60

3151,0.00,50.25,60,0.00,50.25,60

3168,0.00,50.88,60,0.00,50.88,60

3183,0.00,50.88,60,0.00,50.88,60

3201,0.00,50.88,60,0.00,50.88,60

3215,0.00,50.88,60,0.00,50.88,60

3235,0.00,50.88,60,0.00,50.88,60

3251,0.00,51.50,60,0.00,51.50,60

3267,0.00,51.50,60,0.00,51.50,60

3283,0.00,51.50,60,0.00,51.50,60

3301,0.00,51.50,60,0.00,51.50,60

3317,0.00,51.50,60,0.00,51.50,60

3336,0.00,52.13,60,0.00,52.13,60

3350,0.00,52.13,60,0.00,52.13,60

3369,0.00,52.13,60,0.00,52.13,60

3382,0.00,52.13,60,0.00,52.13,60

3400,0.00,52.13,60,0.00,52.13,60

3415,0.00,52.75,60,0.00,52.75,60

3432,0.00,52.75,60,0.00,52.75,60

3449,0.00,52.75,60,0.00,52.75,60

3467,0.00,52.75,60,0.00,52.75,60

3482,0.00,53.38,60,0.00,53.38,60

3502,0.00,53.38,60,0.00,53.38,60

3517,0.00,53.38,60,0.00,53.38,60

3533,0.00,53.38,60,0.00,53.38,60

3549,0.00,53.38,60,0.00,53.38,60

3568,0.00,54.00,60,0.00,54.00,60

3582,0.00,54.00,60,0.00,54.00,60

3600,0.00,54.00,60,0.00,54.00,60

3619,0.00,54.00,60,0.00,54.00,60

3632,0.00,54.63,60,0.00,54.63,60

3651,0.00,54.63,60,0.00,54.63,60

3668,0.00,54.63,60,0.00,54.63,60

3685,0.00,54.63,60,0.00,54.63,60

3700,0.00,54.63,60,0.00,54.63,60

3718,0.00,55.25,60,0.00,55.25,60

3732,0.00,55.25,60,0.00,55.25,60

3750,0.00,55.25,60,0.00,55.25,60

3765,0.00,55.25,60,0.00,55.25,60

3783,0.00,55.88,60,0.00,55.88,60

3801,0.00,55.88,60,0.00,55.88,60

3816,0.00,55.88,60,0.00,55.88,60

3832,0.00,55.88,60,0.00,55.88,60

3850,0.00,55.88,60,0.00,55.88,60

3866,0.00,56.50,60,0.00,56.50,60

3883,0.00,56.50,60,0.00,56.50,60

3900,0.00,56.50,60,0.00,56.50,60

3918,0.00,56.50,60,0.00,56.50,60

3932,0.00,56.50,60,0.00,56.50,60

3949,0.00,57.13,60,0.00,57.13,60

3967,0.00,57.13,60,0.00,57.13,60

3984,0.00,57.13,60,0.00,57.13,60

4001,0.00,57.13,60,0.00,57.13,60

4016,0.00,57.13,60,0.00,57.13,60

4033,0.00,57.75,60,0.00,57.75,60

4049,0.00,57.75,60,0.00,57.75,60

4066,0.00,57.75,60,0.00,57.75,60

4082,0.00,57.75,60,0.00,57.75,60

4099,0.00,58.38,60,0.00,58.38,60

4120,0.00,58.38,60,0.00,58.38,60

4133,0.00,58.38,60,0.00,58.38,60

4151,0.00,58.38,60,0.00,58.38,60

4168,0.00,58.38,60,0.00,58.38,60

4183,0.00,59.00,60,0.00,59.00,60

4201,0.00,59.00,60,0.00,59.00,60

4217,0.00,59.00,60,0.00,59.00,60

4234,0.00,59.00,60,0.00,59.00,60

4249,0.00,59.63,60,0.00,59.63,60

4268,0.00,59.63,60,0.00,59.63,60

4283,0.00,59.63,60,0.00,59.63,60

4300,0.00,59.63,60,0.00,59.63,60

4319,0.00,60.25,60,0.00,60.25,60

4334,0.00,60.25,60,0.00,60.25,60

4349,0.00,60.25,60,0.00,60.25,60

4369,0.00,60.25,60,0.00,60.25,60

4387,0.00,60.25,60,0.00,60.25,60

4399,0.00,60.88,60,0.00,60.88,60

4416,0.00,60.88,60,0.00,60.88,60

4434,0.00,60.88,60,0.00,60.88,60

4451,0.00,60.88,60,0.00,60.88,60

4465,0.00,60.88,60,0.00,60.88,60

4485,0.00,61.50,60,0.00,61.50,60

4498,0.00,61.50,60,0.00,61.50,60

4516,0.00,61.50,60,0.00,61.50,60

4532,0.00,61.50,60,0.00,61.50,60

4553,0.00,61.50,60,0.00,61.50,60

4568,0.00,62.13,60,0.00,62.13,60

4584,0.00,62.13,60,0.00,62.13,60

4601,0.00,62.13,60,0.00,62.13,60

4624,0.00,62.13,60,0.00,62.13,60

4632,0.00,62.75,60,0.00,62.75,60

4650,0.00,62.75,60,0.00,62.75,60

4668,0.00,62.75,60,0.00,62.75,60

4683,0.00,62.75,60,0.00,62.75,60

4700,0.45,62.75,60,0.00,62.75,60

4717,0.45,58.79,60,0.00,63.38,60

4732,0.45,58.79,60,0.00,63.38,60

4749,0.45,58.79,60,0.00,63.38,60

4766,0.45,58.79,60,0.00,63.38,60

4782,0.45,58.79,60,0.00,63.38,60

4802,0.45,59.30,60,0.00,64.00,60

4815,0.45,59.30,60,0.00,64.00,60

4836,0.45,59.30,60,0.00,64.00,60

4849,0.45,59.30,60,0.00,64.00,60

4868,0.45,59.82,60,0.00,64.62,60

4884,0.45,59.82,60,0.00,64.62,60

4901,0.45,59.82,60,0.00,64.62,60

4917,0.45,59.82,60,0.00,64.62,60

4934,0.45,60.33,60,0.00,65.25,60

4950,0.45,60.33,60,0.00,65.25,60

4967,0.45,60.33,60,0.00,65.25,60

4985,0.45,60.33,60,0.00,65.25,60

4998,0.45,60.33,60,0.00,65.25,60

5016,0.45,60.84,60,0.00,65.87,60

5032,0.45,60.84,60,0.00,65.87,60

5051,0.45,60.84,60,0.00,65.87,60

5065,0.45,60.84,60,0.00,65.87,60

5086,0.45,60.84,60,0.00,65.87,60

5099,0.45,61.36,60,0.00,66.50,60

5118,0.45,61.36,60,0.00,66.50,60

5132,0.45,61.36,60,0.00,66.50,60

5152,0.45,61.36,60,0.00,66.50,60

5166,0.45,61.36,60,0.00,66.50,60

5184,0.45,61.87,60,0.00,67.12,60

5199,0.45,61.87,60,0.00,67.12,60

5218,0.45,61.87,60,0.00,67.12,60

5235,0.45,61.87,60,0.00,67.12,60

5250,0.45,62.38,60,0.00,67.75,60

5268,0.45,62.38,60,0.00,67.75,60

5282,0.45,62.38,60,0.00,67.75,60

5302,0.45,62.38,60,0.00,67.75,60

5316,0.45,62.38,60,0.00,67.75,60

5333,0.45,62.90,60,0.00,68.37,60

5350,0.45,62.90,60,0.00,68.37,60

5365,0.45,62.90,60,0.00,68.37,60

5385,0.45,62.90,60,0.00,68.37,60

5399,0.45,62.90,60,0.00,68.37,60

5417,0.45,63.41,60,0.00,69.00,60

5432,0.45,63.41,60,0.00,69.00,60

5451,0.45,63.41,60,0.00,69.00,60

5467,0.45,63.41,60,0.00,69.00,60

5485,0.45,63.92,60,0.00,69.62,60

5499,0.45,63.92,60,0.00,69.62,60

5515,0.45,63.92,60,0.00,69.62,60

5536,0.45,63.92,60,0.00,69.62,60

5549,0.45,64.44,60,0.00,70.25,60

5567,0.45,64.44,60,0.00,70.25,60

5584,0.45,64.44,60,0.00,70.25,60

5601,0.45,64.44,60,0.00,70.25,60

5618,0.45,64.44,60,0.00,70.25,60

5637,0.45,64.95,60,0.00,70.87,60

5650,0.45,64.95,60,0.00,70.87,60

5668,0.45,64.95,60,0.00,70.87,60

5683,0.45,64.95,60,0.00,70.87,60

5699,0.45,65.46,60,0.00,70.87,60

5715,0.45,65.46,60,0.00,71.50,60

5733,0.45,65.46,60,0.00,71.50,60

5752,0.45,65.46,60,0.00,71.50,60

5765,0.45,65.46,60,0.00,71.50,60

5785,0.45,65.97,60,0.00,72.12,60

5799,0.45,65.97,60,0.00,72.12,60

5815,0.45,65.97,60,0.00,72.12,60

5834,0.45,65.97,60,0.00,72.12,60

5850,0.45,66.49,60,0.00,72.75,60

5865,0.45,66.49,60,0.00,72.75,60

5886,0.45,66.49,60,0.00,72.75,60

5900,0.45,66.49,60,0.00,72.75,60

5916,0.45,66.49,60,0.00,72.75,60

5931,0.45,67.00,60,0.00,73.37,60

5951,0.45,67.00,60,0.00,73.37,60

5966,0.45,67.00,60,0.00,73.37,60

5983,0.45,67.00,60,0.00,73.37,60

5998,0.45,67.51,60,0.00,74.00,60

6017,0.45,67.51,60,0.00,74.00,60

6031,0.45,67.51,60,0.00,74.00,60

6050,0.45,67.51,60,0.00,74.00,60

6065,0.45,67.51,60,0.00,74.00,60

6086,0.45,68.03,60,0.00,74.62,60

6101,0.45,68.03,60,0.00,74.62,60

6119,0.45,68.03,60,0.00,74.62,60

6134,0.45,68.03,60,0.00,74.62,60

6150,0.45,68.54,60,0.00,75.25,60

6167,0.45,68.54,60,0.00,75.25,60

6184,0.45,68.54,60,0.00,75.25,60

6200,0.45,68.54,60,0.00,75.25,60

6216,0.45,68.54,60,0.00,75.25,60

6232,0.45,69.05,60,0.00,75.87,60

6251,0.45,69.05,60,0.00,75.87,60

6265,0.45,69.05,60,0.00,75.87,60

6283,0.45,69.05,60,0.00,75.87,60

6301,0.45,69.05,60,0.00,75.87,60

6316,0.45,69.57,60,0.00,76.50,60

6333,0.45,69.57,60,0.00,76.50,60

6352,0.45,69.57,60,0.00,76.50,60

6367,0.45,69.57,60,0.00,76.50,60

6382,0.45,69.57,60,0.00,76.50,60

6399,0.45,70.08,60,0.00,77.12,60

6418,0.45,70.08,60,0.00,77.12,60

6433,0.45,70.08,60,0.00,77.12,60

6449,0.45,70.08,60,0.00,77.12,60

6466,0.45,70.59,60,0.00,77.75,60

6484,0.45,70.59,60,0.00,77.75,60

6498,0.45,70.59,60,0.00,77.75,60

6518,0.45,70.59,60,0.00,77.75,60

6535,0.45,70.59,60,0.00,77.75,60

6549,0.45,71.11,60,0.00,78.37,60

6566,0.45,71.11,60,0.00,78.37,60

6584,0.45,71.11,60,0.00,78.37,60

6601,0.45,71.11,60,0.00,78.37,60

6617,0.45,71.62,60,0.00,79.00,60

6633,0.45,71.62,60,0.00,79.00,60

6652,0.45,71.62,60,0.00,79.00,60

6666,0.45,71.62,60,0.00,79.00,60

6684,0.45,71.62,60,0.00,79.00,60

6701,0.45,72.13,60,0.00,79.62,60

6715,0.45,72.13,60,0.00,79.62,60

6735,0.45,72.13,60,0.00,79.62,60

6750,0.45,72.13,60,0.00,79.62,60

6766,0.45,72.65,60,0.00,80.25,60

6781,0.45,72.65,60,0.00,80.25,60

6801,0.45,72.65,60,0.00,80.25,60

6816,0.45,72.65,60,0.00,80.25,60

6834,0.45,72.65,60,0.00,80.25,60

6851,0.45,73.16,60,0.00,80.87,60

6867,0.45,73.16,60,0.00,80.87,60

6888,0.45,73.16,60,0.00,80.87,60

6900,0.45,73.16,60,0.00,80.87,60

6916,0.45,73.16,60,0.00,80.87,60

6933,0.45,73.67,60,0.00,81.50,60

6952,0.45,73.67,60,0.00,81.50,60

6965,0.45,73.67,60,0.00,81.50,60

6983,0.45,73.67,60,0.00,81.50,60

7002,0.45,73.67,60,0.00,81.50,60

7018,0.45,74.19,60,0.00,82.12,60

7033,0.45,74.19,60,0.00,82.12,60

7048,0.45,74.19,60,0.00,82.12,60

7069,0.45,74.19,60,0.00,82.12,60

7082,0.45,74.70,60,0.00,82.12,60

7100,0.45,74.70,60,0.00,82.75,60

7116,0.45,74.70,60,0.00,82.75,60

7132,0.45,74.70,60,0.00,82.75,60

7150,0.45,74.70,60,0.00,82.75,60

7166,0.45,75.21,60,0.00,82.75,60

7183,0.45,75.21,60,0.00,83.37,60

7201,0.45,75.21,60,0.00,83.37,60

7215,0.45,75.21,60,0.00,83.37,60

7235,0.45,75.73,60,0.00,83.37,60

7250,0.45,75.73,60,0.00,83.37,60

7268,0.45,75.73,60,0.00,84.00,60

7284,0.45,75.73,60,0.00,84.00,60

7300,0.45,75.73,60,0.00,84.00,60

7318,0.45,76.24,60,0.00,84.00,60

7334,0.45,76.24,60,0.00,84.62,60

7351,0.45,76.24,60,0.00,84.62,60

7365,0.45,76.24,60,0.00,84.62,60

7385,0.45,76.75,60,0.00,84.62,60

7400,0.45,76.75,60,0.00,84.62,60

7416,0.45,76.75,60,0.00,85.25,60

7432,0.45,76.75,60,0.00,85.25,60

7451,0.45,76.75,60,0.00,85.25,60

7465,0.45,77.26,60,0.00,85.25,60

7484,0.45,77.26,60,0.00,85.25,60

7501,0.45,77.26,60,0.00,85.87,60

7518,0.45,77.26,60,0.00,85.87,60

7535,0.45,77.26,60,0.00,85.87,60

7549,0.45,77.78,60,0.00,85.87,60

7567,0.45,77.78,60,0.00,85.87,60

7585,0.45,77.78,60,0.00,86.50,60

7600,0.45,77.78,60,0.00,86.50,60

7615,0.45,78.29,60,0.00,86.50,60

7634,0.45,78.29,60,0.00,86.50,60

7649,0.45,78.29,60,0.00,87.12,60

7665,0.45,78.29,60,0.00,87.12,60

7682,0.45,78.29,60,0.00,87.12,60

7702,0.45,78.80,60,0.00,87.12,60

7719,0.45,78.80,60,0.00,87.12,60

7735,0.45,78.80,60,0.00,87.75,60

7749,0.45,78.80,60,0.00,87.75,60

7768,0.45,78.80,60,0.00,87.75,60

7783,0.45,79.32,60,0.00,87.75,60

7801,0.45,79.32,60,0.00,88.37,60

7817,0.45,79.32,60,0.00,88.37,60

7832,0.45,79.32,60,0.00,88.37,60

7852,0.45,79.83,60,0.00,88.37,60

7866,0.45,79.83,60,0.00,88.37,60

7885,0.45,79.83,60,0.00,89.00,60

7899,0.45,79.83,60,0.00,89.00,60

7917,0.45,80.34,60,0.00,89.00,60

7933,0.45,80.34,60,0.00,89.00,60

7952,0.45,80.34,60,0.00,89.62,60

7965,0.45,80.34,60,0.00,89.62,60

7984,0.45,80.34,60,0.00,89.62,60

7999,0.45,80.86,60,0.00,89.62,60

8017,0.45,80.86,60,0.00,89.62,60

8032,0.45,80.86,60,0.00,90.25,60

8052,0.45,80.86,60,0.00,90.25,60

8066,0.45,80.86,60,0.00,90.25,60

8084,0.45,81.37,60,0.00,90.25,60

8100,0.45,81.37,60,0.00,90.25,60

8116,0.45,81.37,60,0.00,90.87,60

8133,0.45,81.37,60,0.00,90.87,60

8149,0.45,81.37,60,0.00,90.87,60

8167,0.45,81.88,60,0.00,90.87,60

8184,0.45,81.88,60,0.00,90.87,60

8200,0.45,81.88,60,0.00,91.50,60

8219,0.45,81.88,60,0.00,91.50,60

8235,0.45,82.40,60,0.00,91.50,60

8251,0.45,82.40,60,0.00,91.50,60

8268,0.45,82.40,60,0.00,92.12,60

8285,0.45,82.40,60,0.00,92.12,60

8299,0.45,82.40,60,0.00,92.12,60

8318,0.45,82.91,60,0.00,92.12,60

8333,0.45,82.91,60,0.00,92.12,60

8350,0.45,82.91,60,0.00,92.75,60

8366,0.45,82.91,60,0.00,92.75,60

8382,0.45,82.91,60,0.00,92.75,60

8400,0.45,83.42,60,0.00,92.75,60

8417,0.45,83.42,60,0.00,93.37,60

8433,0.58,83.42,60,0.00,93.37,60

8449,0.58,83.42,60,0.00,93.37,60

8465,0.58,82.57,60,0.00,93.37,60

8484,0.58,82.57,60,0.00,93.37,60

8502,0.58,82.57,60,0.00,94.00,60

8515,0.58,82.57,60,0.00,94.00,60

8534,0.58,83.05,60,0.00,94.00,60

8550,0.58,83.05,60,0.00,94.00,60

8567,0.58,83.05,60,0.25,92.07,60

8583,0.58,83.05,60,0.25,92.07,60

8600,0.58,83.05,60,0.25,92.07,60

8616,0.58,83.53,60,0.25,92.07,60

8632,0.58,83.53,60,0.25,92.07,60

8650,0.58,83.53,60,0.25,92.64,60

8668,0.58,83.53,60,0.25,92.64,60

8683,0.58,83.53,60,0.25,92.64,60

8701,0.58,84.01,60,0.25,92.64,60

8718,0.58,84.01,60,0.25,92.64,60

8734,0.58,84.01,60,0.25,93.20,60

8751,0.58,84.01,60,0.25,93.20,60

8765,0.58,84.01,60,0.25,93.20,60

8782,0.58,84.49,60,0.25,93.20,60

8801,0.58,84.49,60,0.25,93.76,60

8817,0.58,84.49,60,0.25,93.76,60

8836,0.58,84.49,60,0.25,93.76,60

8849,0.58,84.97,60,0.25,93.76,60

8866,0.58,84.97,60,0.25,93.76,60

8883,0.58,84.97,60,0.25,94.33,60

8900,0.58,84.97,60,0.25,94.33,60

8917,0.58,84.97,60,0.25,94.33,60

8932,0.58,85.45,60,0.25,94.33,60

8953,0.58,85.45,60,0.25,94.33,60

8966,0.58,85.45,60,0.25,94.89,60

8986,0.58,85.45,60,0.25,94.89,60

9001,0.58,85.45,60,0.25,94.89,60

9017,0.58,85.93,60,0.25,94.89,60

9034,0.58,85.93,60,0.25,95.45,60

9050,0.58,85.93,60,0.25,95.45,60

9067,0.58,85.93,60,0.25,95.45,60

9083,0.58,86.41,60,0.25,95.45,60

9101,0.58,86.41,60,0.25,96.01,60

9116,0.58,86.41,60,0.25,96.01,60

9134,0.58,86.41,60,0.25,96.01,60

9151,0.58,86.89,60,0.25,96.01,60

9169,0.58,86.89,60,0.25,96.01,60

9182,0.58,86.89,60,0.25,96.58,60

9202,0.58,86.89,60,0.25,96.58,60

9215,0.58,86.89,60,0.25,96.58,60

9234,0.58,87.37,60,0.25,96.58,60

9252,0.58,87.37,60,0.25,96.58,60

9267,0.58,87.37,60,0.25,97.14,60

9284,0.58,87.37,60,0.25,97.14,60

9299,0.58,87.37,60,0.25,97.14,60

9318,0.58,87.85,60,0.25,97.14,60

9333,0.58,87.85,60,0.25,97.14,60

9351,0.58,87.85,60,0.25,97.70,60

9367,0.58,87.85,60,0.25,97.70,60

9385,0.58,87.85,60,0.25,97.70,60

9400,0.58,88.33,60,0.25,97.70,60

9417,0.58,88.33,60,0.25,98.27,60

9432,0.58,88.33,60,0.25,98.27,60

9450,0.58,88.33,60,0.25,98.27,60

9467,0.58,88.33,60,0.25,98.27,60

9484,0.58,88.81,60,0.25,98.27,60

9499,0.58,88.81,60,0.25,98.83,60

9516,0.58,88.81,60,0.25,98.83,60

9532,0.58,88.81,60,0.25,98.83,60

9551,0.58,89.29,60,0.25,98.83,60

9566,0.58,89.29,60,0.25,98.83,60

9583,0.58,89.29,60,0.25,99.39,60

9599,0.58,89.29,60,0.25,99.39,60

9618,0.58,89.29,60,0.25,99.39,60

9639,0.58,89.77,60,0.25,99.39,60

9649,0.58,89.77,60,0.25,99.95,60

9668,0.58,89.77,60,0.25,99.95,60

9682,0.58,89.77,60,0.25,99.95,60

9700,0.58,90.25,60,0.25,99.95,60

9718,0.58,90.25,60,0.25,100.52,60

9732,0.58,90.25,60,0.25,100.52,60

9751,0.58,90.25,60,0.25,100.52,60

9768,0.58,90.25,60,0.25,100.52,60

9782,0.58,90.73,60,0.25,101.08,60

9799,1.58,90.73,60,0.25,101.08,60

9817,1.58,90.73,60,0.25,101.08,60

9832,1.58,90.73,60,0.25,101.08,60

9849,1.58,90.73,60,0.25,101.08,60

9869,1.58,80.97,60,0.25,101.64,60

9882,1.58,80.97,60,0.25,101.64,60

9899,1.58,80.97,60,0.25,101.64,60

9916,1.58,80.97,60,0.25,101.64,60

9932,1.58,80.97,60,0.25,101.64,60

9949,1.58,81.20,60,0.25,102.21,60

9968,1.58,81.20,60,0.25,102.21,60

9984,1.58,81.20,60,0.25,102.21,60

10000,1.58,81.20,60,0.25,102.21,60

10017,1.58,81.43,60,0.25,102.77,60

10032,1.58,81.43,60,0.25,102.77,60

10050,1.58,81.43,60,0.25,102.77,60

10066,1.58,81.43,60,0.25,102.77,60

10082,1.58,81.66,60,0.25,103.33,60

10102,1.58,81.66,60,0.25,103.33,60

10117,1.58,81.66,60,0.25,103.33,60

10133,1.58,81.66,60,0.25,103.33,60

10148,1.58,81.89,60,0.25,103.89,60

10168,1.58,81.89,60,0.25,103.89,60

10182,1.58,81.89,60,0.25,103.89,60

10202,1.58,81.89,60,0.25,103.89,60

10216,1.58,81.89,60,0.25,103.89,60

10235,1.58,82.12,60,0.25,104.46,60

10250,1.58,82.12,60,0.25,104.46,60

10267,1.58,82.12,60,0.25,104.46,60

10283,1.58,82.12,60,0.25,104.46,60

10298,1.58,82.35,60,0.25,105.02,60

10316,1.58,82.35,60,0.25,105.02,60

10332,1.58,82.35,60,1.20,105.02,60

10353,1.58,82.35,60,1.20,105.02,60

10368,1.58,82.58,60,1.20,95.84,60

10385,1.58,82.58,60,1.20,95.84,60

10398,1.58,82.58,60,1.20,95.84,60

10416,1.58,82.58,60,1.20,95.84,60

10433,1.58,82.58,60,1.20,95.84,60

10451,1.58,82.81,60,1.20,96.16,60

10469,1.58,82.81,60,1.20,96.16,60

10483,1.58,82.81,60,1.20,96.16,60

10500,1.58,82.81,60,1.20,96.16,60

10516,1.58,83.04,60,1.20,96.16,60

10534,1.58,83.04,60,1.20,96.49,60

10549,2.84,83.04,60,1.20,96.49,60

10565,2.84,83.04,60,1.20,96.49,60

10582,2.84,70.35,60,1.20,96.49,60

10600,2.84,70.35,60,1.20,96.81,60

10616,2.84,70.35,60,1.20,96.81,60

10634,2.84,70.35,60,1.20,96.81,60

10651,2.84,70.35,60,1.20,96.81,60

10668,2.84,70.27,60,1.20,97.14,60

10682,2.84,70.27,60,1.20,97.14,60

10701,2.84,70.27,60,1.20,97.14,60

10717,2.84,70.27,60,1.20,97.14,60

10733,2.84,70.27,60,1.20,97.14,60

10750,2.84,70.18,60,1.20,97.46,60

10766,2.84,70.18,60,1.20,97.46,60

10782,2.84,70.18,60,1.20,97.46,60

10802,2.84,70.18,60,1.20,97.46,60

10815,2.84,70.10,60,1.20,97.79,60

10833,2.84,70.10,60,1.20,97.79,60

10849,2.84,70.10,60,1.20,97.79,60

10866,2.84,70.10,60,1.20,97.79,60

10885,2.84,70.01,60,1.20,98.11,60

10898,2.84,70.01,60,1.20,98.11,60

10916,2.84,70.01,60,1.20,98.11,60

10933,2.84,70.01,60,1.20,98.11,60

10951,2.84,70.01,60,1.20,98.11,60

10965,2.84,69.93,60,1.20,98.44,60

10983,2.84,69.93,60,1.20,98.44,60

10999,2.84,69.93,60,1.20,98.44,60

11018,2.84,69.93,60,1.20,98.44,60

11032,2.84,69.84,60,1.20,98.44,60

11049,2.84,69.84,60,1.20,98.76,60

11068,2.84,69.84,60,1.20,98.76,60

11083,2.84,69.84,60,1.20,98.76,60

11099,2.84,69.84,60,1.20,98.76,60

11117,2.84,69.76,60,1.20,99.09,60

11133,2.84,69.76,60,1.20,99.09,60

11156,2.84,69.76,60,1.20,99.09,60

11167,2.84,69.76,60,1.20,99.09,60

11184,3.44,63.53,60,1.20,99.41,60

11199,3.44,63.53,60,1.20,99.41,60

11217,3.44,63.53,60,1.20,99.41,60

11235,3.44,63.53,60,1.20,99.41,60

11251,3.44,63.53,60,1.20,99.41,60

11268,3.44,63.29,60,2.33,99.74,60

11284,3.44,63.29,60,2.33,99.74,60

11300,3.44,63.29,60,2.33,99.74,60

11316,3.44,63.29,60,2.33,99.74,60

11332,3.44,63.06,60,2.33,88.50,60

11350,3.44,63.06,60,2.33,88.50,60

11365,3.44,63.06,60,2.33,88.50,60

11385,3.44,63.06,60,2.33,88.50,60

11401,3.44,63.06,60,2.33,88.50,60

11417,3.44,62.82,60,2.33,88.55,60

11434,3.44,62.82,60,2.33,88.55,60

11449,3.44,62.82,60,2.33,88.55,60

11468,3.44,62.82,60,2.33,88.55,60

11484,3.44,62.59,60,2.33,88.59,60

11499,3.44,62.59,60,2.33,88.59,60

11515,3.44,62.59,60,2.33,88.59,60

11535,3.44,62.59,60,2.33,88.59,60

11550,3.44,62.59,60,2.33,88.59,60

11566,3.44,62.35,60,2.33,88.63,60

11582,3.44,62.35,60,2.33,88.63,60

11599,3.44,62.35,60,2.33,88.63,60

11616,3.44,62.35,60,2.33,88.63,60

11635,3.44,62.35,60,2.33,88.63,60

11649,3.44,62.12,60,2.33,88.68,60

11665,3.44,62.12,60,2.33,88.68,60

11682,3.44,62.12,60,2.33,88.68,60

11702,3.44,62.12,60,2.33,88.68,60

11716,3.44,62.12,60,2.33,88.68,60

11736,3.44,61.89,60,2.33,88.72,60

11749,3.44,61.89,60,2.33,88.72,60

11766,3.44,61.89,60,2.33,88.72,60

11782,3.44,61.89,60,2.33,88.72,60

11802,3.44,61.65,60,2.33,88.76,60

11816,3.44,61.65,60,2.33,88.76,60

11835,3.44,61.65,60,2.33,88.76,60

11849,3.44,61.65,60,2.33,88.76,60

11868,3.44,61.65,60,2.33,88.76,60

11882,3.44,61.42,60,2.33,88.81,60

11904,3.44,61.42,60,2.33,88.81,60

11915,3.44,61.42,60,2.33,88.81,60

11932,3.44,61.42,60,2.33,88.81,60

11951,2.81,67.59,60,2.33,88.85,60

11965,2.81,67.59,60,2.33,88.85,60

11984,2.81,67.59,60,3.10,88.85,60

11999,2.81,67.59,60,3.10,88.85,60

12017,2.81,67.59,60,3.10,88.85,60

12033,2.81,67.51,60,3.10,81.02,60

12049,2.81,67.51,60,3.10,81.02,60

12068,2.81,67.51,60,3.10,81.02,60

12082,2.81,67.51,60,3.10,81.02,60

12099,2.81,67.43,60,3.10,80.87,60

12118,2.81,67.43,60,3.10,80.87,60

12135,2.81,67.43,60,3.10,80.87,60

12149,2.81,67.43,60,3.10,80.87,60

12167,2.81,67.43,60,3.10,80.87,60

12183,2.81,67.35,60,3.10,80.72,60

12199,2.81,67.35,60,3.10,80.72,60

12215,2.81,67.35,60,3.10,80.72,60

12235,2.81,67.35,60,3.10,80.72,60

12249,2.81,67.35,60,3.10,80.72,60

12266,2.81,67.28,60,3.10,80.57,60

12285,2.81,67.28,60,3.10,80.57,60

12300,2.81,67.28,60,3.10,80.57,60

12315,2.81,67.28,60,3.10,80.57,60

12334,2.81,67.28,60,3.10,80.57,60

12349,2.81,67.20,60,3.10,80.43,60

12367,2.81,67.20,60,3.10,80.43,60

12384,2.81,67.20,60,3.10,80.43,60

12400,2.81,67.20,60,3.10,80.43,60

12417,2.81,67.12,60,3.10,80.28,60

12433,2.81,67.12,60,3.10,80.28,60

12452,2.81,67.12,60,3.10,80.28,60

12466,2.81,67.12,60,3.10,80.28,60

12485,2.81,67.12,60,3.10,80.28,60

12498,2.81,67.04,60,3.10,80.13,60

12516,2.81,67.04,60,3.10,80.13,60

12533,2.81,67.04,60,3.10,80.13,60

12550,2.81,67.04,60,3.10,80.13,60

12568,2.81,66.96,60,3.10,79.98,60

12584,2.81,66.96,60,3.52,79.98,60

12601,2.81,66.96,60,3.52,79.98,60

12617,2.81,66.96,60,3.52,79.98,60

12633,3.16,66.96,60,3.52,79.98,60

12650,3.16,63.35,60,3.52,75.50,60

12667,3.16,63.35,60,3.52,75.50,60

12684,3.16,63.35,60,3.52,75.50,60

12699,3.16,63.35,60,3.52,75.50,60

12719,3.16,63.19,60,3.52,75.25,60

12732,3.16,63.19,60,3.52,75.25,60

12750,3.16,63.19,60,3.52,75.25,60

12768,3.16,63.19,60,3.52,75.25,60

12785,3.16,63.19,60,3.52,75.25,60

12799,3.16,63.02,60,3.52,75.00,60

12816,3.16,63.02,60,3.52,75.00,60

12834,3.16,63.02,60,3.52,75.00,60

12851,3.16,63.02,60,3.52,75.00,60

12868,3.16,63.02,60,3.52,75.00,60

12883,3.16,62.86,60,3.52,74.74,60

12900,3.16,62.86,60,3.52,74.74,60

12918,3.16,62.86,60,3.52,74.74,60

12933,3.16,62.86,60,3.52,74.74,60

12951,3.16,62.86,60,3.52,74.74,60

12965,3.16,62.69,60,3.52,74.49,60

12985,3.16,62.69,60,3.52,74.49,60

13001,3.16,62.69,60,3.52,74.49,60

13017,3.16,62.69,60,3.52,74.49,60

13035,3.16,62.53,60,3.52,74.23,60

13049,3.16,62.53,60,3.52,74.23,60

13067,3.16,62.53,60,3.52,74.23,60

13084,3.16,62.53,60,3.52,74.23,60

13099,3.16,62.53,60,3.52,74.23,60

13116,3.16,62.36,60,3.52,73.98,60

13135,3.16,62.36,60,3.52,73.98,60

13149,3.16,62.36,60,3.52,73.98,60

13167,4.07,62.36,60,3.52,73.98,60

13181,4.07,52.83,60,3.52,73.72,60

13199,4.07,52.83,60,3.52,73.72,60

13217,4.07,52.83,60,3.52,73.72,60

13232,4.07,52.83,60,3.44,73.72,60

13252,4.07,52.83,60,3.44,73.72,60

13267,4.07,52.44,60,3.44,74.27,60

13286,4.07,52.44,60,3.44,74.27,60

13301,4.07,52.44,60,3.44,74.27,60

13316,4.07,52.44,60,3.44,74.27,60

13332,4.07,52.04,60,3.44,74.04,60

13351,4.07,52.04,60,3.44,74.04,60

13367,4.07,52.04,60,3.44,74.04,60

13382,4.07,52.04,60,3.44,74.04,60

13399,4.07,52.04,60,3.44,74.04,60

13418,4.07,51.65,60,3.44,73.80,60

13436,4.07,51.65,60,3.44,73.80,60

13449,4.07,51.65,60,3.44,73.80,60

13467,4.07,51.65,60,3.44,73.80,60

13484,4.07,51.65,60,3.44,73.80,60

13502,4.07,51.26,60,3.44,73.57,60

13519,4.07,51.26,60,3.44,73.57,60

13535,4.07,51.26,60,3.44,73.57,60

13550,4.07,51.26,60,3.44,73.57,60

13566,4.07,50.86,60,3.44,73.33,60

13583,4.07,50.86,60,3.44,73.33,60

13601,4.07,50.86,60,3.44,73.33,60

13615,4.07,50.86,60,3.44,73.33,60

13633,4.07,50.86,60,3.44,73.33,60

13649,4.07,50.47,60,3.44,73.10,60

13666,4.07,50.47,60,3.44,73.10,60

13685,4.07,50.47,60,3.44,73.10,60

13699,4.07,50.47,60,3.44,73.10,60

13719,4.07,50.47,60,3.44,73.10,60

13732,4.07,50.08,60,3.44,72.86,60

13752,4.07,50.08,60,3.44,72.86,60

13768,3.60,50.08,60,3.44,72.86,60

13785,3.60,50.08,60,3.44,72.86,60

13801,3.60,54.54,60,3.44,72.63,60

13817,3.60,54.54,60,3.44,72.63,60

13833,3.60,54.54,60,3.60,72.63,60

13851,3.60,54.54,60,3.60,72.63,60

13868,3.60,54.26,60,3.60,70.75,60

13883,3.60,54.26,60,3.60,70.75,60

13902,3.60,54.26,60,3.60,70.75,60

13917,3.60,54.26,60,3.60,70.75,60

13933,3.60,54.26,60,3.60,70.75,60

13951,3.60,53.99,60,3.60,70.48,60

13966,3.60,53.99,60,3.60,70.48,60

13986,3.60,53.99,60,3.60,70.48,60

14000,3.60,53.99,60,3.60,70.48,60

14018,3.60,53.99,60,3.60,70.48,60

14035,3.60,53.71,60,3.60,70.20,60

14052,3.60,53.71,60,3.60,70.20,60

14067,3.60,53.71,60,3.60,70.20,60

14086,3.60,53.71,60,3.60,70.20,60

14099,3.60,53.71,60,3.60,70.20,60

14117,3.60,53.44,60,3.60,69.93,60

14135,3.60,53.44,60,3.60,69.93,60

14152,3.60,53.44,60,3.60,69.93,60

14166,3.60,53.44,60,3.60,69.93,60

14185,3.60,53.16,60,3.60,69.65,60

14198,3.60,53.16,60,3.60,69.65,60

14215,3.60,53.16,60,3.60,69.65,60

14233,3.60,53.16,60,3.60,69.65,60

14252,3.60,53.16,60,3.60,69.65,60

14265,3.60,52.89,60,3.60,69.38,60

14284,3.60,52.89,60,3.60,69.38,60

14302,3.60,52.89,60,3.60,69.38,60

14315,3.60,52.89,60,3.60,69.38,60

14332,3.60,52.89,60,3.60,69.38,60

14350,3.60,52.61,60,3.60,69.10,60

14367,3.60,52.61,60,3.60,69.10,60

14383,3.60,52.61,60,3.60,69.10,60

14404,3.60,52.61,60,3.60,69.10,60

14416,3.60,52.34,60,3.60,68.83,60

14436,3.60,52.34,60,3.60,68.83,60

14450,3.60,52.34,60,3.60,68.83,60

14467,3.60,52.34,60,3.44,68.83,60

14484,3.60,52.06,60,3.44,70.19,60

14499,3.60,52.06,60,3.44,70.19,60

14515,3.60,52.06,60,3.44,70.19,60

14532,3.60,52.06,60,3.44,70.19,60

14551,3.60,52.06,60,3.44,70.19,60

14565,3.60,51.79,60,3.44,69.96,60

14586,3.60,51.79,60,3.44,69.96,60

14599,2.60,51.79,60,3.44,69.96,60

14618,2.60,51.79,60,3.44,69.96,60

14633,2.60,51.79,60,3.44,69.96,60

14649,2.60,61.75,60,3.44,69.72,60

14668,2.60,61.75,60,3.44,69.72,60

14682,2.60,61.75,60,3.44,69.72,60

14698,2.60,61.75,60,3.44,69.72,60

14716,2.60,61.75,60,3.44,69.72,60

14733,2.60,61.72,60,3.44,69.49,60

14750,2.60,61.72,60,3.44,69.49,60

14765,2.60,61.72,60,3.44,69.49,60

14784,2.60,61.72,60,3.44,69.49,60

14799,2.60,61.69,60,3.44,69.25,60

14816,2.60,61.69,60,3.44,69.25,60

14832,2.60,61.69,60,3.44,69.25,60

14849,2.60,61.69,60,3.44,69.25,60

14869,2.60,61.69,60,3.44,69.25,60

14884,2.60,61.67,60,3.44,69.02,60

14899,2.60,61.67,60,3.44,69.02,60

14915,2.60,61.67,60,3.44,69.02,60

14932,2.60,61.67,60,3.44,69.02,60

14952,2.60,61.67,60,3.44,69.02,60

14968,2.60,61.64,60,3.44,68.79,60

14984,2.60,61.64,60,3.44,68.79,60

14999,2.60,61.64,60,3.44,68.79,60

15016,2.60,61.64,60,3.44,68.79,60

15034,2.60,61.62,60,3.44,68.55,60

15049,2.60,61.62,60,3.44,68.55,60

15066,2.60,61.62,60,3.44,68.55,60

15082,2.60,61.62,60,3.44,68.55,60

15102,2.60,61.59,60,3.44,68.32,60

15115,2.60,61.59,60,3.44,68.32,60

15135,2.60,61.59,60,3.44,68.32,60

15150,2.60,61.59,60,3.44,68.32,60

15166,2.60,61.59,60,3.44,68.32,60

15186,2.60,61.57,60,2.92,68.08,60

15202,2.60,61.57,60,2.92,68.08,60

15219,2.60,61.57,60,2.92,68.08,60

15233,2.60,61.57,60,2.92,68.08,60

15250,2.60,61.57,60,2.92,68.08,60

15266,2.60,61.54,60,2.92,73.17,60

15284,2.60,61.54,60,2.92,73.17,60

15300,2.60,61.54,60,2.92,73.17,60

15318,2.60,61.54,60,2.92,73.17,60

15332,2.60,61.54,60,2.92,73.17,60

15350,2.60,61.52,60,2.92,73.06,60

15369,2.81,61.52,60,2.92,73.06,60

15382,2.81,61.52,60,2.92,73.06,60

15403,2.81,61.52,60,2.92,73.06,60

15417,2.81,61.52,60,2.92,73.06,60

15434,2.81,59.31,60,2.92,72.96,60

15451,2.81,59.31,60,2.92,72.96,60

15468,2.81,59.31,60,2.92,72.96,60

15485,2.81,59.31,60,2.92,72.96,60

15501,2.81,59.23,60,2.92,72.85,60

15517,2.81,59.23,60,2.92,72.85,60

15532,2.81,59.23,60,2.92,72.85,60

15551,2.81,59.23,60,2.92,72.85,60

15566,2.81,59.23,60,2.92,72.85,60

15582,2.81,59.15,60,2.92,72.75,60

15600,2.81,59.15,60,2.92,72.75,60

15616,2.81,59.15,60,2.92,72.75,60

15633,2.81,59.15,60,2.92,72.75,60

15655,2.81,59.08,60,2.92,72.64,60

15666,2.81,59.08,60,2.92,72.64,60

15682,2.81,59.08,60,2.92,72.64,60

15701,2.81,59.08,60,2.92,72.64,60

15716,2.81,59.08,60,2.92,72.64,60

15733,2.81,59.00,60,2.92,72.54,60

15750,2.81,59.00,60,2.92,72.54,60

15765,2.81,59.00,60,2.92,72.54,60

15782,2.81,59.00,60,2.92,72.54,60

15803,2.81,58.92,60,2.92,72.43,60

15816,2.81,58.92,60,2.92,72.43,60

15833,2.81,58.92,60,2.92,72.43,60

15853,2.81,58.92,60,2.92,72.43,60

15866,2.81,58.92,60,2.92,72.43,60

15882,2.81,58.84,60,2.92,72.33,60

15898,2.81,58.84,60,2.92,72.33,60

15915,2.81,58.84,60,2.92,72.33,60

15934,2.81,58.84,60,2.92,72.33,60

15952,2.81,58.76,60,2.92,72.22,60

15966,2.81,58.76,60,2.92,72.22,60

15984,2.81,58.76,60,2.92,72.22,60

16001,2.81,58.76,60,2.92,72.22,60

16018,2.81,58.68,60,2.92,72.22,60

16033,2.81,58.68,60,2.92,72.12,60

16051,2.81,58.68,60,2.92,72.12,60

16069,2.81,58.68,60,2.92,72.12,60

16083,2.81,58.68,60,2.92,72.12,60

16100,2.81,58.61,60,2.92,72.12,60

16118,2.92,58.61,60,2.92,72.01,60

16132,2.92,58.61,60,2.92,72.01,60

16152,2.92,58.61,60,2.92,72.01,60

16168,2.92,57.44,60,2.92,72.01,60

16185,2.92,57.44,60,2.92,72.01,60

16202,2.92,57.44,60,2.92,71.91,60

16216,2.92,57.44,60,2.92,71.91,60

16234,2.92,57.44,60,2.92,71.91,60

16252,2.92,57.33,60,2.92,71.91,60

16266,2.92,57.33,60,2.92,71.80,60

16284,2.92,57.33,60,2.92,71.80,60

16300,2.92,57.33,60,2.92,71.80,60

16319,2.92,57.23,60,2.92,71.80,60

16332,2.92,57.23,60,2.92,71.80,60

16349,2.92,57.23,60,2.92,71.70,60

16368,2.92,57.23,60,2.92,71.70,60

16383,2.92,57.23,60,2.92,71.70,60

16402,2.92,57.12,60,2.92,71.70,60

16423,2.92,57.12,60,2.92,71.59,60

16436,2.92,57.12,60,2.92,71.59,60

16450,2.92,57.12,60,2.92,71.59,60

16468,2.92,57.12,60,2.92,71.59,60

16485,2.92,57.02,60,2.92,71.59,60

16499,2.92,57.02,60,2.92,71.49,60

16516,2.92,57.02,60,2.92,71.49,60

16534,2.92,57.02,60,2.92,71.49,60

16549,2.92,56.91,60,2.92,71.49,60

16567,2.92,56.91,60,2.92,71.38,60

16582,2.92,56.91,60,2.92,71.38,60

16601,2.92,56.91,60,2.92,71.38,60

16618,2.92,56.91,60,2.92,71.38,60

16632,2.92,56.81,60,2.92,71.28,60

16653,2.92,56.81,60,2.92,71.28,60

16667,2.92,56.81,60,2.95,71.28,60

16683,2.92,56.81,60,2.95,71.28,60

16701,2.92,56.81,60,2.95,71.28,60

16716,2.92,56.70,60,2.95,70.89,60

16733,2.92,56.70,60,2.95,70.89,60

16752,2.92,56.70,60,2.95,70.89,60

16766,2.92,56.70,60,2.95,70.89,60

16783,2.92,56.60,60,2.95,70.77,60

16800,2.92,56.60,60,2.95,70.77,60

16817,2.92,56.60,60,2.95,70.77,60

16832,2.92,56.60,60,2.95,70.77,60

16850,2.92,56.49,60,2.95,70.66,60

16869,2.92,56.49,60,2.95,70.66,60

16882,2.92,56.49,60,2.95,70.66,60

16901,2.92,56.49,60,2.95,70.66,60

16916,2.92,56.49,60,2.95,70.66,60

16933,2.92,56.39,60,2.95,70.55,60

16951,2.58,56.39,60,2.95,70.55,60

16967,2.58,56.39,60,2.95,70.55,60

16985,2.58,56.39,60,2.95,70.55,60

16999,2.58,56.39,60,2.95,70.55,60

17016,2.58,59.78,60,2.95,70.44,60

17032,2.58,59.78,60,2.95,70.44,60

17051,2.58,59.78,60,2.95,70.44,60

17066,2.58,59.78,60,2.95,70.44,60

17086,2.58,59.78,60,2.95,70.44,60

17101,2.58,59.76,60,2.95,70.33,60

17117,2.58,59.76,60,2.95,70.33,60

17133,2.58,59.76,60,2.95,70.33,60

17152,2.58,59.76,60,2.95,70.33,60

17165,2.58,59.74,60,2.95,70.21,60

17184,2.58,59.74,60,2.95,70.21,60

17199,2.58,59.74,60,2.95,70.21,60

17219,2.58,59.74,60,2.95,70.21,60

17234,2.58,59.74,60,2.95,70.21,60

17249,2.58,59.72,60,2.95,70.10,60

17266,2.58,59.72,60,2.95,70.10,60

17283,2.58,59.72,60,2.95,70.10,60

17299,2.58,59.72,60,2.95,70.10,60

17319,2.58,59.72,60,2.95,70.10,60

17333,2.58,59.70,60,2.95,69.99,60

17349,2.58,59.70,60,2.95,69.99,60

17369,2.58,59.70,60,2.95,69.99,60

17385,2.58,59.70,60,2.95,69.99,60

17400,2.58,59.68,60,3.03,68.99,60

17418,2.58,59.68,60,3.03,68.99,60

17436,2.58,59.68,60,3.03,68.99,60

17450,2.58,59.68,60,3.03,68.99,60

17469,2.58,59.66,60,3.03,68.86,60

17482,2.58,59.66,60,3.03,68.86,60

17503,2.58,59.66,60,3.03,68.86,60

17516,2.58,59.66,60,3.03,68.86,60

17534,2.58,59.66,60,3.03,68.86,60

17549,2.58,59.64,60,3.03,68.72,60

17566,3.52,59.64,60,3.03,68.72,60

17585,3.52,59.64,60,3.03,68.72,60

17599,3.52,59.64,60,3.03,68.72,60

17617,3.52,59.64,60,3.03,68.72,60

17635,3.52,50.00,60,3.03,68.59,60

17651,3.52,50.00,60,3.03,68.59,60

17668,3.52,50.00,60,3.03,68.59,60

17683,3.52,50.00,60,3.03,68.59,60

17702,3.52,50.00,60,3.03,68.59,60

17716,3.52,49.75,60,3.03,68.46,60

17736,3.52,49.75,60,3.03,68.46,60

17752,3.52,49.75,60,3.03,68.46,60

17766,3.52,49.75,60,3.03,68.46,60

17784,3.52,49.49,60,3.03,68.32,60

17802,3.52,49.49,60,3.03,68.32,60

17815,3.52,49.49,60,3.03,68.32,60

17834,3.52,49.49,60,3.03,68.32,60

17849,3.52,49.49,60,3.03,68.32,60

17867,3.52,49.24,60,3.03,68.19,60

17885,3.52,49.24,60,3.03,68.19,60

17898,3.52,49.24,60,3.03,68.19,60

17920,3.52,49.24,60,3.03,68.19,60

17933,3.52,49.24,60,3.03,68.19,60

17950,3.52,48.99,60,3.03,68.05,60

17967,3.52,48.99,60,3.03,68.05,60

17985,3.52,48.99,60,3.03,68.05,60

18000,3.52,48.99,60,3.03,68.05,60

18017,3.52,48.73,60,3.03,67.92,60

18034,3.52,48.73,60,3.03,67.92,60

18052,3.52,48.73,60,3.03,67.92,60

18066,3.52,48.73,60,3.03,67.92,60

18086,3.52,48.48,60,3.03,67.79,60

18100,3.52,48.48,60,3.03,67.79,60

18117,3.52,48.48,60,3.03,67.79,60

18132,3.52,48.48,60,3.03,67.79,60

18152,3.73,48.48,60,3.03,67.79,60

18166,3.73,46.05,60,2.74,67.65,60

18185,3.73,46.05,60,2.74,67.65,60

18200,3.73,46.05,60,2.74,67.65,60

18218,3.73,46.05,60,2.74,67.65,60

18233,3.73,46.05,60,2.74,67.65,60

18252,3.73,45.74,60,2.74,70.55,60

18269,3.73,45.74,60,2.74,70.55,60

18284,3.73,45.74,60,2.74,70.55,60

18301,3.73,45.74,60,2.74,70.55,60

18319,3.73,45.74,60,2.74,70.55,60

18332,3.73,45.44,60,2.74,70.49,60

18352,3.73,45.44,60,2.74,70.49,60

18367,3.73,45.44,60,2.74,70.49,60

18384,3.73,45.44,60,2.74,70.49,60

18401,3.73,45.13,60,2.74,70.43,60

18417,3.73,45.13,60,2.74,70.43,60

18435,3.73,45.13,60,2.74,70.43,60

18451,3.73,45.13,60,2.74,70.43,60

18467,3.73,45.13,60,2.74,70.43,60

18482,3.73,44.82,60,2.74,70.37,60

18503,3.73,44.82,60,2.74,70.37,60

18518,3.73,44.82,60,2.74,70.37,60

18532,3.73,44.82,60,2.74,70.37,60

18551,3.73,44.82,60,2.74,70.37,60

18566,3.73,44.51,60,2.74,70.31,60

18585,3.73,44.51,60,2.74,70.31,60

18601,3.73,44.51,60,2.74,70.31,60

18619,3.73,44.51,60,2.74,70.31,60

18633,3.73,44.21,60,2.74,70.25,60

18649,3.73,44.21,60,2.74,70.25,60

18667,3.73,44.21,60,2.74,70.25,60

18685,3.73,44.21,60,2.74,70.25,60

18702,3.73,44.21,60,2.74,70.25,60

18718,3.73,43.90,60,2.74,70.19,60

18733,3.73,43.90,60,2.74,70.19,60

18750,3.73,43.90,60,2.74,70.19,60

18767,3.73,43.90,60,2.74,70.19,60

18783,3.73,43.59,60,2.74,70.13,60

18800,3.73,43.59,60,2.74,70.13,60

18819,3.73,43.59,60,2.74,70.13,60

18834,3.73,43.59,60,2.74,70.13,60

18851,3.73,43.59,60,2.74,70.13,60

18867,3.73,43.28,60,2.74,70.07,60

18884,3.73,43.28,60,2.74,70.07,60

18901,2.92,43.28,60,2.74,70.07,60

18918,2.92,43.28,60,2.74,70.07,60

18935,2.92,43.28,60,2.74,70.07,60

18949,2.92,51.27,60,2.74,70.01,60

18966,2.92,51.27,60,2.74,70.01,60

18984,2.92,51.27,60,2.74,70.01,60

18998,2.92,51.27,60,2.74,70.01,60

19020,2.92,51.27,60,2.74,70.01,60

19034,2.92,51.17,60,2.52,69.95,60

19051,2.92,51.17,60,2.52,69.95,60

19069,2.92,51.17,60,2.52,69.95,60

19082,2.92,51.17,60,2.52,69.95,60

19101,2.92,51.06,60,2.52,69.95,60

19118,2.92,51.06,60,2.52,72.17,60

19134,2.92,51.06,60,2.52,72.17,60

19149,2.92,51.06,60,2.52,72.17,60

19167,2.92,51.06,60,2.52,72.17,60

19185,2.92,50.96,60,2.52,72.17,60

19202,2.92,50.96,60,2.52,72.17,60

19217,2.92,50.96,60,2.52,72.17,60

19235,2.92,50.96,60,2.52,72.17,60

19253,2.92,50.85,60,2.52,72.17,60

19265,2.92,50.85,60,2.52,72.16,60

19284,2.92,50.85,60,2.52,72.16,60

19302,2.92,50.85,60,2.52,72.16,60

19318,2.92,50.85,60,2.52,72.16,60

19335,2.92,50.75,60,2.52,72.16,60

19350,2.92,50.75,60,2.52,72.16,60

19368,2.92,50.75,60,2.52,72.16,60

19383,2.92,50.75,60,2.52,72.16,60

19401,2.92,50.64,60,2.52,72.16,60

19416,2.92,50.64,60,2.52,72.16,60

19436,2.92,50.64,60,2.52,72.16,60

19451,2.92,50.64,60,2.52,72.16,60

19472,2.92,50.64,60,2.52,72.16,60

19483,2.92,50.54,60,2.52,72.16,60

19501,2.92,50.54,60,2.52,72.16,60

19518,2.92,50.54,60,2.52,72.15,60

19533,2.92,50.54,60,2.52,72.15,60

19550,2.92,50.43,60,2.52,72.15,60

19568,2.92,50.43,60,2.52,72.15,60

19586,2.92,50.43,60,2.52,72.15,60

19600,2.92,50.43,60,2.52,72.15,60

19617,2.92,50.33,60,2.52,72.15,60

19632,2.92,50.33,60,2.52,72.15,60

19650,2.92,50.33,60,2.52,72.15,60

19666,2.92,50.33,60,2.52,72.14,60

19682,2.92,50.33,60,2.52,72.14,60

19702,2.92,50.22,60,2.52,72.14,60

19716,2.92,50.22,60,2.52,72.14,60

19734,2.92,50.22,60,2.52,72.14,60

19752,2.92,50.22,60,2.52,72.14,60

19766,2.92,50.12,60,2.52,72.14,60

19784,2.92,50.12,60,2.52,72.14,60

19802,2.92,50.12,60,2.52,72.14,60

19819,2.92,50.12,60,2.52,72.14,60

19834,2.92,50.01,60,2.52,72.14,60

19850,2.92,50.01,60,2.52,72.14,60

19867,2.92,50.01,60,2.52,72.14,60

19884,2.92,50.01,60,2.58,71.49,60

19903,2.92,50.01,60,2.58,71.49,60

19916,2.92,49.91,60,2.58,71.49,60

19935,2.92,49.91,60,2.58,71.49,60

19949,2.92,49.91,60,2.58,71.49,60

19968,2.92,49.91,60,2.58,71.47,60

19985,2.92,49.91,60,2.58,71.47,60

20002,2.92,49.80,60,2.58,71.47,60

20016,2.92,49.80,60,2.58,71.47,60

20035,2.92,49.80,60,2.58,71.47,60

20049,2.92,49.80,60,2.58,71.45,60

20069,2.92,49.70,60,2.58,71.45,60

20082,2.92,49.70,60,2.58,71.45,60

20102,2.92,49.70,60,2.58,71.45,60

20117,2.92,49.70,60,2.58,71.45,60

20136,2.92,49.59,60,2.58,71.43,60

20150,2.92,49.59,60,2.58,71.43,60

20165,1.70,49.59,60,2.58,71.43,60

20182,1.70,49.59,60,2.58,71.43,60

20201,1.70,49.59,60,2.58,71.43,60

20219,1.70,61.98,60,2.58,71.41,60

20233,1.70,61.98,60,2.58,71.41,60

20252,1.70,61.98,60,2.58,71.41,60

20268,1.70,61.98,60,2.58,71.41,60

20285,1.70,62.18,60,2.58,71.41,60

20300,1.70,62.18,60,2.58,71.39,60

20318,1.70,62.18,60,2.58,71.39,60

20333,1.70,62.18,60,2.58,71.39,60

20352,1.70,62.18,60,2.58,71.39,60

20367,1.70,62.38,60,2.58,71.39,60

20383,1.70,62.38,60,2.58,71.37,60

20399,1.70,62.38,60,2.58,71.37,60

20416,1.70,62.38,60,2.58,71.37,60

20436,1.70,62.58,60,2.58,71.37,60

20449,1.70,62.58,60,2.58,71.35,60

20470,1.70,62.58,60,2.58,71.35,60

20484,1.70,62.58,60,2.58,71.35,60

20500,1.70,62.58,60,2.58,71.35,60

20517,1.70,62.78,60,2.58,71.35,60

20535,1.70,62.78,60,2.58,71.33,60

20549,1.70,62.78,60,2.58,71.33,60

20568,1.70,62.78,60,2.58,71.33,60

20583,1.70,62.98,60,2.58,71.33,60

20599,1.70,62.98,60,2.58,71.33,60

20617,1.70,62.98,60,2.58,71.31,60

20635,1.70,62.98,60,2.58,71.31,60

20649,1.70,62.98,60,2.58,71.31,60

20666,1.70,63.18,60,2.58,71.31,60

20686,1.70,63.18,60,2.58,71.29,60

20700,1.70,63.18,60,2.58,71.29,60

20717,1.70,63.18,60,2.58,71.29,60

20734,1.70,63.38,60,2.58,71.29,60

20751,1.70,63.38,60,2.58,71.27,60

20768,1.70,63.38,60,2.58,71.27,60

20783,1.70,63.38,60,2.58,71.27,60

20799,1.70,63.58,60,2.58,71.27,60

20820,1.70,63.58,60,2.58,71.27,60

20834,1.70,63.58,60,2.58,71.25,60

20849,1.70,63.58,60,2.58,71.25,60

20866,1.70,63.58,60,2.58,71.25,60

20885,1.70,63.78,60,2.58,71.25,60

20899,1.70,63.78,60,2.58,71.23,60

20920,1.70,63.78,60,2.58,71.23,60

20933,1.70,63.78,60,2.58,71.23,60

20952,1.70,63.98,60,2.58,71.23,60

20966,1.70,63.98,60,2.58,71.23,60

20987,1.70,63.98,60,2.58,71.21,60

20999,1.70,63.98,60,1.92,71.21,60

21016,1.70,63.98,60,1.92,71.21,60

21034,1.70,64.18,60,1.92,71.21,60

21051,1.70,64.18,60,1.92,77.92,60

21065,1.70,64.18,60,1.92,77.92,60

21085,1.70,64.18,60,1.92,77.92,60

21100,1.70,64.38,60,1.92,77.92,60

21119,1.70,64.38,60,1.92,77.92,60

21133,1.70,64.38,60,1.92,78.07,60

21150,1.70,64.38,60,1.92,78.07,60

21168,1.70,64.38,60,1.92,78.07,60

21183,1.70,64.58,60,1.92,78.07,60

21202,1.70,64.58,60,1.92,78.21,60

21221,1.70,64.58,60,1.92,78.21,60

21232,1.70,64.58,60,1.92,78.21,60

21250,1.70,64.78,60,1.92,78.21,60

21269,1.70,64.78,60,1.92,78.21,60

21284,1.70,64.78,60,1.92,78.36,60

21301,1.70,64.78,60,1.92,78.36,60

21318,1.70,64.78,60,1.92,78.36,60

21332,1.70,64.98,60,1.92,78.36,60

21350,1.83,64.98,60,1.92,78.50,60

21366,1.83,64.98,60,1.92,78.50,60

21383,1.83,64.98,60,1.92,78.50,60

21403,1.83,64.98,60,1.92,78.50,60

21417,1.83,63.84,60,1.92,78.64,60

21432,1.83,63.84,60,1.92,78.64,60

21449,1.83,63.84,60,1.92,78.64,60

21466,1.83,63.84,60,1.92,78.64,60

21482,1.83,63.84,60,1.92,78.64,60

21502,1.83,64.01,60,1.92,78.79,60

21517,1.83,64.01,60,1.92,78.79,60

21536,1.83,64.01,60,1.92,78.79,60

21551,1.83,64.01,60,1.92,78.79,60

21565,1.83,64.18,60,1.92,78.93,60

21584,1.83,64.18,60,1.92,78.93,60

21599,1.83,64.18,60,1.92,78.93,60

21620,1.83,64.18,60,1.92,78.93,60

21634,1.83,64.34,60,1.92,79.08,60

21653,1.83,64.34,60,1.92,79.08,60

21666,1.83,64.34,60,1.92,79.08,60

21683,1.83,64.34,60,1.92,79.08,60

21700,1.83,64.34,60,1.92,79.08,60

21730,1.83,64.51,60,1.92,79.22,60

21733,1.83,64.51,60,1.92,79.22,60

21750,1.83,64.51,60,1.92,79.22,60

21768,1.83,64.51,60,1.92,79.22,60

21783,1.83,64.51,60,1.92,79.22,60

21800,1.83,64.68,60,1.92,79.37,60

21819,1.83,64.68,60,1.92,79.37,60

21833,1.83,64.68,60,1.92,79.37,60

21852,1.83,64.68,60,1.92,79.37,60

21866,1.83,64.84,60,1.92,79.51,60

21884,1.83,64.84,60,1.92,79.51,60

21899,1.83,64.84,60,1.92,79.51,60

21917,1.83,64.84,60,1.92,79.51,60

21936,1.83,65.01,60,1.92,79.65,60

21949,1.83,65.01,60,1.92,79.65,60

21967,1.83,65.01,60,1.92,79.65,60

21986,1.83,65.01,60,1.92,79.65,60

22002,1.83,65.01,60,1.92,79.65,60

22016,1.83,65.18,60,2.16,77.32,60

22032,1.83,65.18,60,2.16,77.32,60

22049,1.83,65.18,60,2.16,77.32,60

22067,1.83,65.18,60,2.16,77.32,60

22083,1.83,65.34,60,2.16,77.32,60

22100,1.83,65.34,60,2.16,77.40,60

22118,1.83,65.34,60,2.16,77.40,60

22136,1.83,65.34,60,2.16,77.40,60

22151,1.83,65.34,60,2.16,77.40,60

22168,1.83,65.51,60,2.16,77.40,60

22182,1.83,65.51,60,2.16,77.49,60

22202,1.83,65.51,60,2.16,77.49,60

22219,1.83,65.51,60,2.16,77.49,60

22232,2.48,59.07,60,2.16,77.49,60

22252,2.48,59.07,60,2.16,77.57,60

22267,2.48,59.07,60,2.16,77.57,60

22284,2.48,59.07,60,2.16,77.57,60

22302,2.48,59.07,60,2.16,77.57,60

22316,2.48,59.08,60,2.16,77.57,60

22333,2.48,59.08,60,2.16,77.65,60

22353,2.48,59.08,60,2.16,77.65,60

22369,2.48,59.08,60,2.16,77.65,60

22384,2.48,59.08,60,2.16,77.65,60

22402,2.48,59.08,60,2.16,77.65,60

22418,2.48,59.08,60,2.16,77.74,60

22436,2.48,59.08,60,2.16,77.74,60

22452,2.48,59.08,60,2.16,77.74,60

22467,2.48,59.09,60,2.16,77.74,60

22485,2.48,59.09,60,2.16,77.82,60

22500,2.48,59.09,60,2.16,77.82,60

22519,2.48,59.09,60,2.16,77.82,60

22533,2.48,59.09,60,2.16,77.82,60

22551,2.48,59.09,60,2.16,77.91,60

22568,2.48,59.09,60,2.16,77.91,60

22584,2.48,59.09,60,2.16,77.91,60

22600,2.48,59.10,60,2.16,77.91,60

22615,2.48,59.10,60,2.16,77.91,60

22636,2.48,59.10,60,2.16,77.99,60

22652,2.48,59.10,60,2.16,77.99,60

22669,2.48,59.10,60,2.16,77.99,60

22684,2.48,59.11,60,2.16,77.99,60

22700,2.48,59.11,60,2.16,78.07,60

22719,2.48,59.11,60,2.16,78.07,60

22733,2.48,59.11,60,2.16,78.07,60

22751,2.48,59.11,60,2.16,78.07,60

22768,2.48,59.11,60,2.16,78.07,60

22782,2.48,59.11,60,2.16,78.16,60

22801,2.48,59.11,60,2.16,78.16,60

22819,2.48,59.11,60,2.16,78.16,60

22832,2.48,59.12,60,2.67,78.16,60

22852,2.48,59.12,60,2.67,73.08,60

22869,2.48,59.12,60,2.67,73.08,60

22884,2.48,59.12,60,2.67,73.08,60

22902,2.48,59.12,60,2.67,73.08,60

22916,2.48,59.12,60,2.67,73.08,60

22933,2.48,59.12,60,2.67,73.04,60

22952,2.48,59.12,60,2.67,73.04,60

22968,2.48,59.12,60,2.67,73.04,60

22983,2.48,59.13,60,2.67,73.04,60

23002,2.48,59.13,60,2.67,72.99,60

23017,2.48,59.13,60,2.67,72.99,60

23032,2.48,59.13,60,2.67,72.99,60

23050,2.48,59.14,60,2.67,72.99,60

23065,2.48,59.14,60,2.67,72.99,60

23083,2.48,59.14,60,2.67,72.95,60

23099,2.48,59.14,60,2.67,72.95,60

23116,2.48,59.14,60,2.67,72.95,60

23136,2.48,59.14,60,2.67,72.95,60

23150,2.48,59.14,60,2.67,72.91,60

23170,2.48,59.14,60,2.67,72.91,60

23185,2.48,59.14,60,2.67,72.91,60

23201,2.48,59.15,60,2.67,72.91,60

23218,2.48,59.15,60,2.67,72.87,60

23233,2.48,59.15,60,2.67,72.87,60

23249,2.48,59.15,60,2.67,72.87,60

23269,2.48,59.15,60,2.67,72.87,60

23284,2.48,59.15,60,2.67,72.87,60

23302,2.48,59.15,60,2.67,72.82,60

23316,2.48,59.15,60,2.67,72.82,60

23332,2.48,59.15,60,2.67,72.82,60

23352,2.48,59.16,60,2.67,72.82,60

23367,2.48,59.16,60,2.67,72.78,60

23384,1.88,59.16,60,2.67,72.78,60

23402,1.88,59.16,60,2.67,72.78,60

23417,1.88,65.32,60,2.67,72.78,60

23433,1.88,65.32,60,2.67,72.74,60

23450,1.88,65.32,60,2.67,72.74,60

23467,1.88,65.32,60,2.67,72.74,60

23486,1.88,65.32,60,2.67,72.74,60

23501,1.88,65.48,60,2.67,72.74,60

23516,1.88,65.48,60,2.67,72.70,60

23534,1.88,65.48,60,3.01,72.70,60

23549,1.88,65.48,60,3.01,72.70,60

23569,1.88,65.63,60,3.01,72.70,60

23582,1.88,65.63,60,3.01,72.70,60

23603,1.88,65.63,60,3.01,69.20,60

23616,1.88,65.63,60,3.01,69.20,60

23635,1.88,65.63,60,3.01,69.20,60

23649,1.88,65.79,60,3.01,69.20,60

23670,1.88,65.79,60,3.01,69.08,60

23684,1.88,65.79,60,3.01,69.08,60

23700,1.88,65.79,60,3.01,69.08,60

23720,1.88,65.94,60,3.01,69.08,60

23734,1.88,65.94,60,3.01,68.95,60

23751,1.88,65.94,60,3.01,68.95,60

23767,1.88,65.94,60,3.01,68.95,60

23784,1.88,65.94,60,3.01,68.95,60

23802,1.88,66.10,60,3.01,68.95,60

23817,1.88,66.10,60,3.01,68.83,60

23835,1.88,66.10,60,3.01,68.83,60

23850,1.88,66.10,60,3.01,68.83,60

23870,1.88,66.10,60,3.01,68.83,60

23885,1.88,66.26,60,3.01,68.70,60

23900,1.88,66.26,60,3.01,68.70,60

23919,1.88,66.26,60,3.01,68.70,60

23932,1.88,66.26,60,3.01,68.70,60

23952,1.88,66.26,60,3.01,68.70,60

23967,1.88,66.41,60,3.01,68.57,60

23986,1.88,66.41,60,3.01,68.57,60

24002,1.88,66.41,60,3.01,68.57,60

24018,1.88,66.41,60,3.01,68.57,60

24033,1.88,66.57,60,3.01,68.45,60

24051,1.88,66.57,60,3.01,68.45,60

24067,1.88,66.57,60,3.01,68.45,60

24085,1.88,66.57,60,3.01,68.45,60

24099,1.88,66.57,60,3.01,68.45,60

24117,1.88,66.72,60,3.01,68.32,60

24135,1.88,66.72,60,3.01,68.32,60

24149,1.88,66.72,60,3.01,68.32,60

24167,1.88,66.72,60,3.01,68.32,60

24185,1.88,66.88,60,3.01,68.19,60

24200,1.88,66.88,60,3.01,68.19,60

24217,1.88,66.88,60,3.01,68.19,60

24233,1.88,66.88,60,3.01,68.19,60

24249,1.88,66.88,60,3.01,68.19,60

24268,1.88,67.04,60,3.01,68.07,60

24284,1.88,67.04,60,3.01,68.07,60

24303,1.88,67.04,60,2.89,68.07,60

24318,1.88,67.04,60,2.89,68.07,60

24333,2.23,67.19,60,2.89,69.09,60

24349,2.23,67.19,60,2.89,69.09,60

24370,2.23,67.19,60,2.89,69.09,60

24383,2.23,67.19,60,2.89,69.09,60

24399,2.23,67.19,60,2.89,69.09,60

24418,2.23,63.75,60,2.89,69.00,60

24433,2.23,63.75,60,2.89,69.00,60

24453,2.23,63.75,60,2.89,69.00,60

24466,2.23,63.75,60,2.89,69.00,60

24487,2.23,63.75,60,2.89,69.00,60

24499,2.23,63.82,60,2.89,68.90,60

24520,2.23,63.82,60,2.89,68.90,60

24535,2.23,63.82,60,2.89,68.90,60

24550,2.23,63.82,60,2.89,68.90,60

24570,2.23,63.82,60,2.89,68.90,60

24584,2.23,63.89,60,2.89,68.80,60

24601,2.23,63.89,60,2.89,68.80,60

24616,2.23,63.89,60,2.89,68.80,60

24633,2.23,63.89,60,2.89,68.80,60

24650,2.23,63.96,60,2.89,68.70,60

24670,2.23,63.96,60,2.89,68.70,60

24683,2.23,63.96,60,2.89,68.70,60

24699,2.23,63.96,60,2.89,68.70,60

24719,2.23,63.96,60,2.89,68.70,60

24737,2.23,64.02,60,2.89,68.60,60

24749,2.23,64.02,60,2.89,68.60,60

24766,2.23,64.02,60,2.89,68.60,60

24785,2.23,64.02,60,2.89,68.60,60

24799,2.23,64.09,60,2.89,68.50,60

24820,2.23,64.09,60,2.89,68.50,60

24834,2.23,64.09,60,2.89,68.50,60

24849,2.23,64.09,60,2.89,68.50,60

24867,2.23,64.09,60,2.89,68.50,60

24886,2.23,64.16,60,2.89,68.41,60

24900,2.23,64.16,60,2.89,68.41,60

24917,2.23,64.16,60,2.89,68.41,60

24933,2.23,64.16,60,2.89,68.41,60

24951,2.23,64.23,60,2.89,68.31,60

24966,2.23,64.23,60,3.16,68.31,60

24983,2.23,64.23,60,3.16,68.31,60

25000,2.23,64.23,60,3.16,68.31,60

25020,2.23,64.23,60,3.16,68.31,60

25035,3.19,54.41,60,3.16,65.49,60

25049,3.19,54.41,60,3.16,65.49,60

25070,3.19,54.41,60,3.16,65.49,60

25084,3.19,54.41,60,3.16,65.49,60

25099,3.19,54.41,60,3.16,65.49,60

25117,3.19,54.24,60,3.16,65.32,60

25134,3.19,54.24,60,3.16,65.32,60

25150,3.19,54.24,60,3.16,65.32,60

25172,3.19,54.24,60,3.16,65.32,60

25184,3.19,54.24,60,3.16,65.32,60

25199,3.19,54.07,60,3.16,65.16,60

25220,3.19,54.07,60,3.16,65.16,60

25233,3.19,54.07,60,3.16,65.16,60

25252,3.19,54.07,60,3.16,65.16,60

25270,3.19,53.90,60,3.16,64.99,60

25283,3.19,53.90,60,3.16,64.99,60

25301,3.19,53.90,60,3.16,64.99,60

25319,3.19,53.90,60,3.16,64.99,60

25335,3.19,53.90,60,3.16,64.99,60

25350,3.19,53.72,60,3.16,64.83,60

25370,3.19,53.72,60,3.16,64.83,60

25384,3.19,53.72,60,3.16,64.83,60

25401,3.19,53.72,60,3.16,64.83,60

25417,3.19,53.55,60,3.16,64.66,60

25436,3.19,53.55,60,3.16,64.66,60

25451,3.19,53.55,60,3.16,64.66,60

25467,3.19,53.55,60,3.16,64.66,60

25492,3.19,53.55,60,3.16,64.66,60

25499,3.19,53.38,60,3.16,64.50,60

25516,3.19,53.38,60,3.16,64.50,60

25533,3.19,53.38,60,3.16,64.50,60

25552,3.19,53.38,60,3.16,64.50,60

25567,3.19,53.21,60,3.16,64.33,60

25583,3.19,53.21,60,3.16,64.33,60

25603,3.19,53.21,60,3.16,64.33,60

25618,3.73,53.21,60,3.36,64.33,60

25634,3.73,47.52,60,3.36,64.33,60

25650,3.73,47.52,60,3.36,62.06,60

25668,3.73,47.52,60,3.36,62.06,60

25683,3.73,47.52,60,3.36,62.06,60

25700,3.73,47.52,60,3.36,62.06,60

25720,3.73,47.21,60,3.36,61.84,60

25733,3.73,47.21,60,3.36,61.84,60

25753,3.73,47.21,60,3.36,61.84,60

25766,3.73,47.21,60,3.36,61.84,60

25785,3.73,46.90,60,3.36,61.84,60

25800,3.73,46.90,60,3.36,61.63,60

25818,3.73,46.90,60,3.36,61.63,60

25833,3.73,46.90,60,3.36,61.63,60

25851,3.73,46.59,60,3.36,61.63,60

25866,3.73,46.59,60,3.36,61.41,60

25883,3.73,46.59,60,3.36,61.41,60

25902,3.73,46.59,60,3.36,61.41,60

25916,3.73,46.59,60,3.36,61.41,60

25933,3.73,46.29,60,3.36,61.19,60

25953,3.73,46.29,60,3.36,61.19,60

25967,3.73,46.29,60,3.36,61.19,60

25983,3.73,46.29,60,3.36,61.19,60

25999,3.73,46.29,60,3.36,61.19,60

26020,3.73,45.98,60,3.36,60.98,60

26032,3.73,45.98,60,3.36,60.98,60

26050,3.73,45.98,60,3.36,60.98,60

26070,3.73,45.98,60,3.36,60.98,60

26083,3.73,45.67,60,3.36,60.76,60

26102,3.73,45.67,60,3.36,60.76,60

26120,3.73,45.67,60,3.36,60.76,60

26135,3.73,45.67,60,3.36,60.76,60

26149,3.73,45.36,60,3.36,60.55,60

26167,3.73,45.36,60,3.36,60.55,60

26184,3.73,45.36,60,3.36,60.55,60

26199,3.73,45.36,60,3.36,60.55,60

26216,3.73,45.36,60,3.36,60.55,60

26237,3.73,45.06,60,3.36,60.33,60

26250,3.73,45.06,60,3.36,60.33,60

26267,3.73,45.06,60,3.36,60.33,60

26283,3.73,45.06,60,3.36,60.33,60

26302,3.73,44.75,60,3.36,60.33,60

26319,3.73,44.75,60,3.36,60.11,60

26334,3.73,44.75,60,3.36,60.11,60

26350,3.73,44.75,60,3.36,60.11,60

26370,3.73,44.75,60,3.36,60.11,60

26383,2.84,53.56,60,3.36,60.11,60

26402,2.84,53.56,60,3.36,59.90,60

26416,2.84,53.56,60,3.36,59.90,60

26436,2.84,53.56,60,3.36,59.90,60

26449,2.84,53.48,60,3.36,59.90,60

26468,2.84,53.48,60,3.36,59.68,60

26486,2.84,53.48,60,3.36,59.68,60

26502,2.84,53.48,60,3.36,59.68,60

26517,2.84,53.48,60,3.36,59.68,60

26535,2.84,53.39,60,3.36,59.68,60

26553,2.84,53.39,60,3.36,59.47,60

26567,2.84,53.39,60,3.36,59.47,60

26583,2.84,53.39,60,3.36,59.47,60

26599,2.84,53.31,60,2.24,59.47,60

26620,2.84,53.31,60,2.24,59.47,60

26633,2.84,53.31,60,2.24,70.74,60

26650,2.84,53.31,60,2.24,70.74,60

26670,2.84,53.31,60,2.24,70.74,60

26684,2.84,53.22,60,2.24,70.74,60

26702,2.84,53.22,60,2.24,70.81,60

26719,2.84,53.22,60,2.24,70.81,60

26734,2.84,53.22,60,2.24,70.81,60

26751,2.84,53.14,60,2.24,70.81,60

26770,2.84,53.14,60,2.24,70.81,60

26783,2.84,53.14,60,2.24,70.87,60

26802,2.84,53.14,60,2.24,70.87,60

26817,2.84,53.14,60,2.24,70.87,60

26834,2.84,53.05,60,2.24,70.87,60

26850,2.84,53.05,60,2.24,70.87,60

26870,2.84,53.05,60,2.24,70.94,60

26885,2.84,53.05,60,2.24,70.94,60

26900,2.84,53.05,60,2.24,70.94,60

26916,2.84,52.97,60,2.24,70.94,60

26934,2.84,52.97,60,2.24,70.94,60

26950,2.84,52.97,60,2.24,71.00,60

26970,2.84,52.97,60,2.24,71.00,60

26983,2.84,52.97,60,2.24,71.00,60

27002,2.84,52.88,60,2.24,71.00,60

27017,2.84,52.88,60,2.24,71.07,60

27032,2.84,52.88,60,2.24,71.07,60

27050,2.84,52.88,60,2.24,71.07,60

27070,2.84,52.80,60,2.24,71.07,60

27084,2.84,52.80,60,2.24,71.07,60

27102,2.84,52.80,60,2.24,71.13,60

27117,2.95,52.80,60,2.24,71.13,60

27133,2.95,52.80,60,2.24,71.13,60

27149,2.95,51.60,60,2.24,71.13,60

27170,2.95,51.60,60,2.24,71.19,60

27182,2.95,51.60,60,2.24,71.19,60

27201,2.95,51.60,60,2.24,71.19,60

27217,2.95,51.49,60,2.24,71.19,60

27233,2.95,51.49,60,2.24,71.19,60

27252,2.95,51.49,60,2.24,71.26,60

27266,2.95,51.49,60,2.24,71.26,60

27283,2.95,51.49,60,2.24,71.26,60

27301,2.95,51.38,60,2.24,71.26,60

27318,2.95,51.38,60,2.24,71.32,60

27333,2.95,51.38,60,2.24,71.32,60

27351,2.95,51.38,60,2.24,71.32,60

27370,2.95,51.27,60,2.24,71.32,60

27382,2.95,51.27,60,2.24,71.32,60

27399,2.95,51.27,60,2.24,71.39,60

27417,2.95,51.27,60,2.24,71.39,60

27436,2.95,51.27,60,2.24,71.39,60

27450,2.95,51.15,60,2.24,71.39,60

27470,2.95,51.15,60,2.24,71.39,60

27484,2.95,51.15,60,2.24,71.45,60

27499,2.95,51.15,60,2.24,71.45,60

27520,2.95,51.15,60,2.24,71.45,60

27533,2.95,51.04,60,2.24,71.45,60

27549,2.95,51.04,60,2.24,71.45,60

27570,2.95,51.04,60,2.24,71.52,60

27583,2.95,51.04,60,2.24,71.52,60

27600,2.95,50.93,60,2.24,71.52,60

27620,2.95,50.93,60,2.24,71.52,60

27634,2.95,50.93,60,2.24,71.58,60

27650,2.95,50.93,60,2.24,71.58,60

27669,2.95,50.93,60,2.24,71.58,60

27684,2.95,50.82,60,2.24,71.58,60

27702,2.95,50.82,60,2.24,71.58,60

27719,2.95,50.82,60,2.24,71.64,60

27735,2.95,50.82,60,2.24,71.64,60

27752,2.95,50.82,60,2.24,71.64,60

27768,2.95,50.71,60,2.24,71.64,60

27782,2.95,50.71,60,2.24,71.71,60

27800,2.95,50.71,60,2.24,71.71,60

27817,2.95,50.71,60,2.24,71.71,60

27833,2.95,50.59,60,2.24,71.71,60

27851,2.95,50.59,60,2.24,71.71,60

27867,2.95,50.59,60,1.69,77.43,60

27884,2.95,50.59,60,1.69,77.43,60

27902,2.95,50.48,60,1.69,77.43,60

27916,2.95,50.48,60,1.69,77.43,60

27935,2.95,50.48,60,1.69,77.63,60

27950,2.95,50.48,60,1.69,77.63,60

27970,2.95,50.48,60,1.69,77.63,60

27985,2.95,50.37,60,1.69,77.63,60

28000,2.95,50.37,60,1.69,77.63,60

28020,2.95,50.37,60,1.69,77.83,60

28034,2.95,50.37,60,1.69,77.83,60

28053,2.95,50.37,60,1.69,77.83,60

28067,2.95,50.26,60,1.69,77.83,60

28085,2.95,50.26,60,1.69,77.83,60

28103,2.95,50.26,60,1.69,78.03,60

28116,2.95,50.26,60,1.69,78.03,60

28136,2.95,50.26,60,1.69,78.03,60

28153,2.95,50.15,60,1.69,78.03,60

28166,2.95,50.15,60,1.69,78.03,60

28186,2.95,50.15,60,1.69,78.23,60

28201,2.95,50.15,60,1.69,78.23,60

28217,2.95,50.04,60,1.69,78.23,60

28237,2.95,50.04,60,1.69,78.23,60

28251,2.95,50.04,60,1.69,78.44,60

28268,2.95,50.04,60,1.69,78.44,60

28286,2.95,50.04,60,1.69,78.44,60

28300,2.95,49.92,60,1.69,78.44,60

28318,2.95,49.92,60,1.69,78.44,60

28333,2.95,49.92,60,1.69,78.64,60

28352,2.95,49.92,60,1.69,78.64,60

28368,2.95,49.92,60,1.69,78.64,60

28385,2.95,49.81,60,1.69,78.64,60

28399,2.95,49.81,60,1.69,78.84,60

28418,2.95,49.81,60,1.69,78.84,60

28433,2.95,49.81,60,1.69,78.84,60

28452,2.95,49.70,60,1.69,78.84,60

28467,2.95,49.70,60,1.69,78.84,60

28485,2.95,49.70,60,1.69,79.04,60

