18,KpA,KiA,KdA,setpointA,FEEDFWDA,KpB,KiB,KdB,setpointB,FEEDFWDB

35,1.00,0.00,0.00,1.50,70,1.00,0.00,0.00,1.50,70

52,inputA,outputA,a_adjust,inputB,outputB,b_adjust

68,0.00,1.50,70,0.00,1.50,70

85,KpA,KiA,KdA,setpointA,FEEDFWDA,KpB,KiB,KdB,setpointB,FEEDFWDB

102,10.00,0.00,0.00,1.50,70,10.00,0.00,0.00,1.50,70

119,inputA,outputA,a_adjust,inputB,outputB,b_adjust

135,KpA,KiA,KdA,setpointA,FEEDFWDA,KpB,KiB,KdB,setpointB,FEEDFWDB

152,10.00,10.00,0.00,1.50,70,10.00,10.00,0.00,1.50,70

168,inputA,outputA,a_adjust,inputB,outputB,b_adjust

184,KpA,KiA,KdA,setpointA,FEEDFWDA,KpB,KiB,KdB,setpointB,FEEDFWDB

201,10.00,10.00,0.00,1.50,70,10.00,10.00,0.00,1.50,70

218,inputA,outputA,a_adjust,inputB,outputB,b_adjust

235,KpA,KiA,KdA,setpointA,FEEDFWDA,KpB,KiB,KdB,setpointB,FEEDFWDB

252,10.00,10.00,0.00,2.00,70,10.00,10.00,0.00,3.00,70

268,inputA,outputA,a_adjust,inputB,outputB,b_adjust

285,0.00,1.50,70,0.00,1.50,70

302,0.00,21.70,70,0.00,31.80,70

319,0.00,21.70,70,0.00,31.80,70

335,0.00,21.70,70,0.00,31.80,70

351,0.00,21.70,70,0.00,31.80,70

369,0.00,21.70,70,0.00,31.80,70

385,0.00,21.90,70,0.00,32.10,70

402,0.00,21.90,70,0.00,32.10,70

416,0.00,21.90,70,0.00,32.10,70

436,0.00,21.90,70,0.00,32.10,70

452,0.00,22.10,70,0.00,32.40,70

468,0.00,22.10,70,0.00,32.40,70

485,0.00,22.10,70,0.00,32.40,70

502,0.00,22.10,70,0.00,32.40,70

519,0.00,22.30,70,0.00,32.40,70

535,0.00,22.30,70,0.00,32.70,70

552,0.00,22.30,70,0.00,32.70,70

568,0.00,22.30,70,0.00,32.70,70

585,0.00,22.30,70,0.00,32.70,70

602,0.00,22.50,70,0.00,33.00,70

618,0.00,22.50,70,0.00,33.00,70

635,0.00,22.50,70,0.00,33.00,70

652,0.00,22.50,70,0.00,33.00,70

668,0.00,22.70,70,0.00,33.00,70

685,0.00,22.70,70,0.00,33.30,70

702,0.00,22.70,70,0.00,33.30,70

718,0.00,22.70,70,0.00,33.30,70

735,0.00,22.90,70,0.00,33.30,70

752,0.00,22.90,70,0.00,33.60,70

768,0.00,22.90,70,0.00,33.60,70

785,0.00,22.90,70,0.00,33.60,70

802,0.00,22.90,70,0.00,33.60,70

818,0.00,23.10,70,0.00,33.90,70

835,0.00,23.10,70,0.00,33.90,70

852,0.00,23.10,70,0.00,33.90,70

868,0.00,23.10,70,0.00,33.90,70

885,0.00,23.10,70,0.00,33.90,70

902,0.00,23.30,70,0.00,34.20,70

918,0.00,23.30,70,0.00,34.20,70

935,0.00,23.30,70,0.00,34.20,70

952,0.00,23.30,70,0.00,34.20,70

968,0.00,23.50,70,0.00,34.50,70

985,0.00,23.50,70,0.00,34.50,70

1002,0.00,23.50,70,0.00,34.50,70

1018,0.00,23.50,70,0.00,34.50,70

1034,0.00,23.70,70,0.00,34.80,70

1052,0.00,23.70,70,0.00,34.80,70

1068,0.00,23.70,70,1.77,34.80,70

1085,0.00,23.70,70,1.77,34.80,70

1102,0.00,23.70,70,1.77,34.80,70

1118,0.00,23.90,70,1.77,17.24,70

1135,1.70,23.90,70,1.77,17.24,70

1152,1.70,23.90,70,1.77,17.24,70

1168,1.70,23.90,70,1.77,17.24,70

1189,1.70,6.92,70,1.77,17.24,70

1199,1.70,6.92,70,1.77,17.36,70

1216,1.70,6.92,70,1.77,17.36,70

1235,1.70,6.92,70,1.77,17.36,70

1253,1.70,6.92,70,1.77,17.36,70

1268,1.70,6.95,70,1.77,17.36,70

1285,1.70,6.95,70,1.77,17.48,70

1302,1.70,6.95,70,1.77,17.48,70

1318,1.70,6.95,70,1.77,17.48,70

1335,1.70,6.95,70,1.77,17.48,70

1352,1.70,6.98,70,1.77,17.61,70

1368,1.70,6.98,70,1.77,17.61,70

1385,1.70,6.98,70,1.77,17.61,70

1402,1.70,6.98,70,1.77,17.61,70

1418,1.70,6.98,70,1.77,17.61,70

1435,1.70,7.01,70,1.77,17.73,70

1452,1.70,7.01,70,1.77,17.73,70

1468,1.70,7.01,70,1.77,17.73,70

1485,1.70,7.01,70,1.77,17.73,70

1502,1.70,7.01,70,1.77,17.73,70

1519,1.70,7.04,70,1.77,17.85,70

1535,1.70,7.04,70,1.77,17.85,70

1552,1.70,7.04,70,1.77,17.85,70

1568,1.70,7.04,70,1.77,17.85,70

1585,1.70,7.04,70,1.77,17.85,70

1602,1.70,7.07,70,1.77,17.97,70

1619,1.70,7.07,70,1.77,17.97,70

1635,1.70,7.07,70,1.77,17.97,70

1652,1.70,7.07,70,1.77,17.97,70

1668,1.70,7.10,70,1.77,18.10,70

1685,1.70,7.10,70,1.77,18.10,70

1700,1.70,7.10,70,1.77,18.10,70

1717,1.70,7.10,70,1.77,18.10,70

1735,1.70,7.10,70,1.77,18.10,70

1752,1.70,7.13,70,1.77,18.22,70

1769,1.70,7.13,70,1.77,18.22,70

1786,1.70,7.13,70,1.77,18.22,70

1802,1.70,7.13,70,1.77,18.22,70

1816,1.70,7.13,70,1.77,18.22,70

1834,1.70,7.16,70,1.77,18.34,70

1849,1.70,7.16,70,1.77,18.34,70

1868,1.70,7.16,70,1.77,18.34,70

1886,1.70,7.16,70,1.77,18.34,70

1901,1.70,7.16,70,1.77,18.34,70

1918,1.70,7.19,70,1.77,18.47,70

1935,1.70,7.19,70,1.77,18.47,70

1952,1.70,7.19,70,1.77,18.47,70

1969,1.70,7.19,70,1.77,18.47,70

1985,1.70,7.22,70,1.77,18.59,70

2002,1.70,7.22,70,1.77,18.59,70

2019,1.70,7.22,70,1.77,18.59,70

2036,1.70,7.22,70,1.77,18.59,70

2051,1.70,7.22,70,1.77,18.59,70

2069,1.70,7.25,70,1.77,18.71,70

2085,1.70,7.25,70,1.77,18.71,70

2102,1.70,7.25,70,1.77,18.71,70

2119,1.70,7.25,70,1.77,18.71,70

2135,1.70,7.25,70,1.77,18.71,70

2152,1.70,7.28,70,1.77,18.84,70

2169,1.70,7.28,70,1.77,18.84,70

2185,1.70,7.28,70,1.77,18.84,70

2202,1.70,7.28,70,1.77,18.84,70

2218,1.70,7.28,70,1.77,18.84,70

2236,1.70,7.31,70,1.77,18.96,70

2252,1.70,7.31,70,1.77,18.96,70

2269,1.70,7.31,70,1.77,18.96,70

2286,1.70,7.31,70,1.77,18.96,70

2300,1.70,7.34,70,1.77,19.08,70

2316,1.70,7.34,70,1.77,19.08,70

2333,1.70,7.34,70,1.77,19.08,70

2351,1.70,7.34,70,1.77,19.08,70

2369,1.70,7.34,70,1.77,19.08,70

2385,1.70,7.37,70,1.77,19.21,70

2402,1.70,7.37,70,1.77,19.21,70

2419,1.70,7.37,70,1.77,19.21,70

2435,1.70,7.37,70,1.77,19.21,70

2453,1.70,7.37,70,1.77,19.21,70

2469,1.70,7.40,70,1.77,19.33,70

2486,1.70,7.40,70,1.77,19.33,70

2499,1.70,7.40,70,1.77,19.33,70

2518,1.70,7.40,70,1.77,19.33,70

2536,1.70,7.40,70,1.77,19.33,70

2550,1.70,7.43,70,1.77,19.45,70

2569,1.70,7.43,70,1.77,19.45,70

2583,1.55,7.43,70,1.77,19.45,70

2599,1.55,7.43,70,1.77,19.45,70

2618,1.55,9.01,70,1.77,19.58,70

2634,1.55,9.01,70,1.77,19.58,70

2650,1.55,9.01,70,1.77,19.58,70

2669,1.55,9.01,70,1.77,19.58,70

2686,1.55,9.01,70,1.77,19.58,70

2702,1.55,9.05,70,1.77,19.70,70

2719,1.55,9.05,70,1.77,19.70,70

2735,1.55,9.05,70,1.77,19.70,70

2751,1.55,9.05,70,1.77,19.70,70

2769,1.55,9.05,70,1.77,19.70,70

2785,1.55,9.10,70,1.77,19.82,70

2799,1.55,9.10,70,1.77,19.82,70

2820,1.55,9.10,70,1.77,19.82,70

2834,1.55,9.10,70,1.77,19.82,70

2852,1.55,9.10,70,1.77,19.82,70

2869,1.55,9.14,70,1.77,19.94,70

2885,1.55,9.14,70,1.77,19.94,70

2902,1.55,9.14,70,1.77,19.94,70

2919,1.55,9.14,70,1.77,19.94,70

2936,1.55,9.19,70,1.77,20.07,70

2951,1.55,9.19,70,1.77,20.07,70

2969,1.55,9.19,70,1.77,20.07,70

2985,1.55,9.19,70,1.77,20.07,70

3002,1.55,9.19,70,1.77,20.07,70

3019,1.55,9.23,70,1.77,20.19,70

3035,1.55,9.23,70,1.77,20.19,70

3052,1.55,9.23,70,1.77,20.19,70

3069,1.55,9.23,70,1.77,20.19,70

3085,1.55,9.23,70,1.77,20.19,70

3102,1.55,9.28,70,1.77,20.31,70

3119,1.55,9.28,70,2.95,20.31,70

3135,1.55,9.28,70,2.95,20.31,70

3152,1.55,9.28,70,2.95,20.31,70

3169,1.55,9.28,70,2.95,20.31,70

3185,1.55,9.32,70,2.95,8.53,70

3202,1.55,9.32,70,2.95,8.53,70

3219,1.55,9.32,70,2.95,8.53,70

3236,1.55,9.32,70,2.95,8.53,70

3252,1.55,9.32,70,2.95,8.53,70

3268,1.55,9.37,70,2.95,8.53,70

3286,1.55,9.37,70,2.95,8.53,70

3301,1.55,9.37,70,2.95,8.53,70

3319,1.55,9.37,70,2.95,8.53,70

3336,1.55,9.37,70,2.95,8.53,70

3352,1.55,9.41,70,2.95,8.54,70

3369,1.55,9.41,70,2.95,8.54,70

3386,1.55,9.41,70,2.95,8.54,70

3402,1.55,9.41,70,2.95,8.54,70

3419,1.55,9.41,70,2.95,8.54,70

3436,1.55,9.46,70,2.95,8.54,70

3450,1.55,9.46,70,2.95,8.54,70

3467,1.55,9.46,70,2.95,8.54,70

3486,1.55,9.46,70,2.95,8.54,70

3502,1.55,9.46,70,2.95,8.54,70

3519,1.55,9.51,70,2.95,8.55,70

3536,1.55,9.51,70,2.95,8.55,70

3552,1.55,9.51,70,2.95,8.55,70

3569,1.55,9.51,70,2.95,8.55,70

3586,1.55,9.51,70,2.95,8.55,70

3600,1.55,9.55,70,2.95,8.55,70

3618,1.55,9.55,70,2.95,8.55,70

3636,1.55,9.55,70,2.95,8.55,70

3651,1.55,9.55,70,2.95,8.55,70

3668,1.55,9.55,70,2.95,8.55,70

3686,1.55,9.60,70,2.95,8.56,70

3702,1.55,9.60,70,2.95,8.56,70

3719,1.55,9.60,70,2.95,8.56,70

3736,1.98,9.60,70,2.95,8.56,70

3752,1.98,9.60,70,2.95,8.56,70

3769,1.98,5.23,70,2.95,8.56,70

3783,1.98,5.23,70,2.95,8.56,70

3801,1.98,5.23,70,2.95,8.56,70

3819,1.98,5.23,70,2.95,8.56,70

3835,1.98,5.23,70,2.95,8.56,70

3853,1.98,5.23,70,2.95,8.57,70

3868,1.98,5.23,70,2.95,8.57,70

3885,1.98,5.23,70,2.95,8.57,70

3901,1.98,5.23,70,2.95,8.57,70

3917,1.98,5.23,70,2.95,8.57,70

3936,1.98,5.24,70,2.95,8.58,70

3950,1.98,5.24,70,2.95,8.58,70

3969,1.98,5.24,70,2.95,8.58,70

3986,1.98,5.24,70,2.95,8.58,70

4002,1.98,5.24,70,2.95,8.58,70

4019,1.98,5.24,70,2.95,8.58,70

4036,1.98,5.24,70,2.95,8.58,70

4052,1.98,5.24,70,2.95,8.58,70

4069,1.98,5.24,70,2.95,8.58,70

4086,1.98,5.24,70,2.95,8.58,70

4102,1.98,5.24,70,2.95,8.59,70

4119,1.98,5.24,70,2.95,8.59,70

4135,1.98,5.24,70,2.95,8.59,70

4152,1.98,5.24,70,2.95,8.59,70

4169,1.98,5.24,70,2.95,8.59,70

4186,1.98,5.24,70,2.95,8.59,70

4202,1.98,5.24,70,2.95,8.59,70

4219,1.98,5.24,70,2.95,8.59,70

4236,1.98,5.24,70,2.95,8.59,70

4253,1.98,5.24,70,2.95,8.59,70

4269,1.98,5.24,70,2.95,8.60,70

4283,1.98,5.24,70,2.95,8.60,70

4303,1.98,5.24,70,2.95,8.60,70

4317,1.98,5.24,70,2.95,8.60,70

4333,1.98,5.24,70,2.95,8.60,70

4353,1.98,5.24,70,2.95,8.60,70

4366,1.98,5.24,70,2.95,8.60,70

4386,1.98,5.24,70,2.95,8.60,70

4402,1.98,5.24,70,2.95,8.60,70

4419,1.98,5.25,70,2.95,8.60,70

4436,1.98,5.25,70,2.95,8.61,70

4452,1.98,5.25,70,2.95,8.61,70

4469,1.98,5.25,70,2.95,8.61,70

4483,1.98,5.25,70,2.95,8.61,70

4503,1.98,5.25,70,2.95,8.61,70

4516,1.98,5.25,70,2.95,8.61,70

4533,1.98,5.25,70,2.95,8.61,70

4551,1.98,5.25,70,2.95,8.61,70

4569,1.98,5.25,70,2.95,8.61,70

4585,1.98,5.25,70,2.95,8.61,70

4600,1.98,5.25,70,2.95,8.62,70

4619,1.98,5.25,70,1.55,8.62,70

4636,1.98,5.25,70,1.55,8.62,70

4652,1.98,5.25,70,1.55,8.62,70

4668,1.98,5.25,70,1.55,8.62,70

4684,1.98,5.25,70,1.55,22.76,70

4700,1.98,5.25,70,1.55,22.76,70

4717,1.98,5.25,70,1.55,22.76,70

4736,1.98,5.25,70,1.55,22.76,70

4752,1.98,5.25,70,1.55,22.76,70

4769,1.98,5.25,70,1.55,22.91,70

4786,2.23,5.25,70,1.55,22.91,70

4803,2.23,2.80,70,1.55,22.91,70

4818,2.23,2.80,70,1.55,22.91,70

4832,2.23,2.80,70,1.55,23.05,70

4852,2.23,2.80,70,1.55,23.05,70

4866,2.23,2.80,70,1.55,23.05,70

4886,2.23,2.78,70,1.55,23.05,70

4899,2.23,2.78,70,1.55,23.05,70

4918,2.23,2.78,70,1.55,23.20,70

4936,2.23,2.78,70,1.55,23.20,70

4952,2.23,2.78,70,1.55,23.20,70

4969,2.23,2.76,70,1.55,23.20,70

4986,2.23,2.76,70,1.55,23.20,70

5002,2.23,2.76,70,1.55,23.35,70

5019,2.23,2.76,70,1.55,23.35,70

5036,2.23,2.76,70,1.55,23.35,70

5052,2.23,2.73,70,1.55,23.35,70

5069,2.23,2.73,70,1.55,23.35,70

5086,2.23,2.73,70,1.55,23.49,70

5102,2.23,2.73,70,1.55,23.49,70

5119,2.23,2.71,70,1.55,23.49,70

5136,2.23,2.71,70,1.55,23.49,70

5152,2.23,2.71,70,1.55,23.64,70

5169,2.23,2.71,70,1.55,23.64,70

5183,2.23,2.71,70,1.55,23.64,70

5200,2.23,2.69,70,1.55,23.64,70

5216,2.23,2.69,70,1.55,23.64,70

5235,2.23,2.69,70,1.55,23.78,70

5250,2.23,2.69,70,1.55,23.78,70

5269,2.23,2.69,70,1.55,23.78,70

5286,2.23,2.67,70,1.55,23.78,70

5302,2.23,2.67,70,1.55,23.78,70

5319,2.23,2.67,70,1.55,23.93,70

5336,2.23,2.67,70,1.55,23.93,70

5352,2.23,2.67,70,1.55,23.93,70

5369,2.23,2.64,70,1.55,23.93,70

5386,2.23,2.64,70,1.55,23.93,70

5402,2.23,2.64,70,1.55,24.07,70

5418,2.23,2.64,70,1.55,24.07,70

5433,2.23,2.62,70,1.55,24.07,70

5450,2.23,2.62,70,1.55,24.07,70

5467,2.23,2.62,70,1.55,24.22,70

5483,2.23,2.62,70,1.55,24.22,70

5501,2.23,2.62,70,1.55,24.22,70

5520,2.23,2.60,70,2.46,24.22,70

5533,2.23,2.60,70,2.46,24.22,70

5552,2.23,2.60,70,2.46,15.18,70

5568,2.23,2.60,70,2.46,15.18,70

5583,2.23,2.60,70,2.46,15.18,70

5599,2.23,2.58,70,2.46,15.18,70

5618,2.23,2.58,70,2.46,15.18,70

5633,2.23,2.58,70,2.46,15.24,70

5652,2.23,2.58,70,2.46,15.24,70

5666,2.23,2.58,70,2.46,15.24,70

5683,2.23,2.55,70,2.46,15.24,70

5699,2.23,2.55,70,2.46,15.24,70

5716,2.23,2.55,70,2.46,15.29,70

5734,2.23,2.55,70,2.46,15.29,70

5749,2.23,2.53,70,2.46,15.29,70

5768,2.23,2.53,70,2.46,15.29,70

5785,2.23,2.53,70,2.46,15.34,70

5802,2.20,2.53,70,2.46,15.34,70

5819,2.20,2.53,70,2.46,15.34,70

5836,2.20,2.83,70,2.46,15.34,70

5852,2.20,2.83,70,2.46,15.34,70

5869,2.20,2.83,70,2.46,15.40,70

5886,2.20,2.83,70,2.46,15.40,70

5903,2.20,2.83,70,2.46,15.40,70

5919,2.20,2.81,70,2.46,15.40,70

5935,2.20,2.81,70,2.46,15.40,70

5949,2.20,2.81,70,2.46,15.45,70

5967,2.20,2.81,70,2.46,15.45,70

5983,2.20,2.81,70,2.46,15.45,70

6001,2.20,2.79,70,2.46,15.45,70

6016,2.20,2.79,70,2.46,15.45,70

6035,2.20,2.79,70,2.46,15.51,70

6051,2.20,2.79,70,2.46,15.51,70

6069,2.20,2.77,70,2.46,15.51,70

6086,2.20,2.77,70,2.46,15.51,70

6103,2.20,2.77,70,2.46,15.56,70

6119,2.20,2.77,70,2.46,15.56,70

6136,2.20,2.77,70,2.46,15.56,70

6153,2.20,2.75,70,2.46,15.56,70

6169,2.20,2.75,70,2.46,15.56,70

6186,2.20,2.75,70,2.46,15.62,70

6200,2.20,2.75,70,2.46,15.62,70

6217,2.20,2.75,70,2.46,15.62,70

6233,2.20,2.73,70,2.46,15.62,70

6250,2.20,2.73,70,2.46,15.62,70

6269,2.20,2.73,70,2.46,15.67,70

6285,2.20,2.73,70,2.46,15.67,70

6299,2.20,2.73,70,2.46,15.67,70

6316,2.20,2.71,70,2.46,15.67,70

6333,2.20,2.71,70,2.46,15.67,70

6352,2.20,2.71,70,2.46,15.73,70

6367,2.20,2.71,70,2.46,15.73,70

6383,2.20,2.69,70,2.46,15.73,70

6399,2.20,2.69,70,2.46,15.73,70

6420,2.20,2.69,70,2.46,15.73,70

6433,2.20,2.69,70,2.46,15.78,70

6453,2.20,2.69,70,2.46,15.78,70

6468,2.20,2.67,70,2.46,15.78,70

6482,2.20,2.67,70,2.46,15.78,70

6501,2.20,2.67,70,2.46,15.78,70

6518,2.20,2.67,70,2.46,15.83,70

6535,2.20,2.67,70,2.46,15.83,70

6553,2.20,2.65,70,2.46,15.83,70

6565,2.20,2.65,70,2.18,15.83,70

6583,2.20,2.65,70,2.18,15.83,70

6600,2.20,2.65,70,2.18,18.68,70

6617,2.20,2.65,70,2.18,18.68,70

6632,2.20,2.63,70,2.18,18.68,70

6652,2.20,2.63,70,2.18,18.68,70

6669,2.20,2.63,70,2.18,18.77,70

6686,2.20,2.63,70,2.18,18.77,70

6703,2.20,2.61,70,2.18,18.77,70

6716,2.20,2.61,70,2.18,18.77,70

6732,2.20,2.61,70,2.18,18.77,70

6750,2.20,2.61,70,2.18,18.85,70

6768,2.20,2.61,70,2.18,18.85,70

6786,2.20,2.59,70,2.18,18.85,70

6803,2.20,2.59,70,2.18,18.85,70

6819,2.20,2.59,70,2.18,18.85,70

6836,2.20,2.59,70,2.18,18.93,70

6853,2.20,2.59,70,2.18,18.93,70

6869,2.20,2.57,70,2.18,18.93,70

6886,2.20,2.57,70,2.18,18.93,70

6903,2.20,2.57,70,2.18,18.93,70

6919,2.20,2.57,70,2.18,19.01,70

6936,2.20,2.57,70,2.18,19.01,70

6953,2.20,2.55,70,2.18,19.01,70

6969,2.20,2.55,70,2.18,19.01,70

6983,2.20,2.55,70,2.18,19.09,70

6999,2.20,2.55,70,2.18,19.09,70

7016,2.20,2.53,70,2.18,19.09,70

7034,2.20,2.53,70,2.18,19.09,70

7052,2.20,2.53,70,2.18,19.09,70

7069,2.20,2.53,70,2.18,19.18,70

7085,2.20,2.53,70,2.18,19.18,70

7103,2.20,2.51,70,2.18,19.18,70

7119,2.20,2.51,70,2.18,19.18,70

7135,2.20,2.51,70,2.18,19.18,70

7151,2.20,2.51,70,2.18,19.26,70

7168,2.20,2.51,70,2.18,19.26,70

7185,2.20,2.49,70,2.18,19.26,70

7203,2.20,2.49,70,2.18,19.26,70

7219,2.20,2.49,70,2.18,19.26,70

7236,2.20,2.49,70,2.18,19.34,70

7252,1.56,2.49,70,2.18,19.34,70

7269,1.56,8.94,70,2.18,19.34,70

7286,1.56,8.94,70,2.18,19.34,70

7302,1.56,8.94,70,2.18,19.42,70

7319,1.56,8.94,70,2.18,19.42,70

7336,1.56,8.98,70,2.18,19.42,70

7350,1.56,8.98,70,2.18,19.42,70

7366,1.56,8.98,70,2.18,19.42,70

7385,1.56,8.98,70,2.18,19.50,70

7403,1.56,8.98,70,2.18,19.50,70

7419,1.56,9.03,70,2.18,19.50,70

7436,1.56,9.03,70,2.58,19.50,70

7452,1.56,9.03,70,2.58,19.50,70

7469,1.56,9.03,70,2.58,15.55,70

7485,1.56,9.03,70,2.58,15.55,70

7500,1.56,9.07,70,2.58,15.55,70

7516,1.56,9.07,70,2.58,15.55,70

7534,1.56,9.07,70,2.58,15.55,70

7553,1.56,9.07,70,2.58,15.59,70

7568,1.56,9.07,70,2.58,15.59,70

7586,1.56,9.11,70,2.58,15.59,70

7602,1.56,9.11,70,2.58,15.59,70

7619,1.56,9.11,70,2.58,15.63,70

7636,1.56,9.11,70,2.58,15.63,70

7652,1.56,9.16,70,2.58,15.63,70

7669,1.56,9.16,70,2.58,15.63,70

7686,1.56,9.16,70,2.58,15.63,70

7702,1.56,9.16,70,2.58,15.68,70

7719,1.56,9.16,70,2.58,15.68,70

7736,1.56,9.20,70,2.58,15.68,70

7752,1.56,9.20,70,2.58,15.68,70

7769,1.56,9.20,70,2.58,15.68,70

7786,1.56,9.20,70,2.58,15.72,70

7802,1.56,9.20,70,2.58,15.72,70

7819,1.56,9.25,70,2.58,15.72,70

7836,1.56,9.25,70,2.58,15.72,70

7852,1.56,9.25,70,2.58,15.72,70

7869,1.56,9.25,70,2.58,15.76,70

7886,1.56,9.25,70,2.58,15.76,70

7902,1.56,9.29,70,2.58,15.76,70

7918,1.56,9.29,70,2.58,15.76,70

7933,1.56,9.29,70,2.58,15.80,70

7951,1.56,9.29,70,2.58,15.80,70

7969,1.56,9.29,70,2.58,15.80,70

7986,1.56,9.34,70,2.58,15.80,70

8002,1.56,9.34,70,2.58,15.80,70

8019,1.56,9.34,70,2.58,15.84,70

8036,1.56,9.34,70,2.58,15.84,70

8053,1.56,9.34,70,2.58,15.84,70

8068,1.56,9.38,70,2.58,15.84,70

8083,1.56,9.38,70,2.58,15.84,70

8102,1.56,9.38,70,2.58,15.89,70

8116,1.56,9.38,70,2.58,15.89,70

8134,1.56,9.38,70,2.58,15.89,70

8152,1.56,9.43,70,2.58,15.89,70

8169,1.56,9.43,70,2.58,15.89,70

8184,1.56,9.43,70,2.58,15.93,70

8202,1.56,9.43,70,2.58,15.93,70

8218,1.56,9.47,70,2.58,15.93,70

8236,1.56,9.47,70,2.58,15.93,70

8252,1.56,9.47,70,2.58,15.97,70

8269,1.56,9.47,70,2.58,15.97,70

8286,1.56,9.47,70,2.58,15.97,70

8302,1.56,9.52,70,2.58,15.97,70

8319,1.56,9.52,70,2.58,15.97,70

8336,1.56,9.52,70,2.58,16.01,70

8352,1.56,9.52,70,2.58,16.01,70

8369,1.56,9.52,70,2.58,16.01,70

8386,1.98,5.23,70,2.58,16.01,70

8402,1.98,5.23,70,2.58,16.01,70

8419,1.98,5.23,70,2.58,16.05,70

8435,1.98,5.23,70,2.58,16.05,70

8450,1.98,5.23,70,2.58,16.05,70

8467,1.98,5.23,70,2.58,16.05,70

8485,1.98,5.23,70,2.58,16.05,70

8502,1.98,5.23,70,2.58,16.10,70

8519,1.98,5.23,70,2.58,16.10,70

8536,1.98,5.23,70,2.58,16.10,70

8552,1.98,5.23,70,2.58,16.10,70

8570,1.98,5.23,70,2.58,16.14,70

8583,1.98,5.23,70,2.58,16.14,70

8601,1.98,5.23,70,2.58,16.14,70

8619,1.98,5.23,70,2.58,16.14,70

8636,1.98,5.23,70,2.58,16.14,70

8653,1.98,5.23,70,2.58,16.18,70

8669,1.98,5.23,70,2.58,16.18,70

8686,1.98,5.23,70,2.58,16.18,70

8702,1.98,5.24,70,2.58,16.18,70

8719,1.98,5.24,70,2.58,16.18,70

8734,1.98,5.24,70,1.71,16.22,70

8752,1.98,5.24,70,1.71,16.22,70

8769,1.98,5.24,70,1.71,16.22,70

8786,1.98,5.24,70,1.71,16.22,70

8802,1.98,5.24,70,1.71,16.22,70

8819,1.98,5.24,70,1.71,25.04,70

8836,1.98,5.24,70,1.71,25.04,70

8853,1.98,5.24,70,1.71,25.04,70

8869,1.98,5.24,70,1.71,25.04,70

8886,1.98,5.24,70,1.71,25.17,70

8902,1.98,5.24,70,1.71,25.17,70

8919,1.98,5.24,70,1.71,25.17,70

8935,1.98,5.24,70,1.71,25.17,70

8949,1.98,5.24,70,1.71,25.17,70

8968,1.98,5.24,70,1.71,25.30,70

8986,1.98,5.24,70,1.71,25.30,70

9002,1.98,5.24,70,1.71,25.30,70

9018,1.98,5.24,70,1.71,25.30,70

9036,1.98,5.24,70,1.71,25.30,70

9051,1.98,5.24,70,1.71,25.43,70

9069,1.98,5.24,70,1.71,25.43,70

9086,1.98,5.24,70,1.71,25.43,70

9101,1.98,5.24,70,1.71,25.43,70

9119,1.98,5.24,70,1.71,25.43,70

9136,1.98,5.24,70,1.71,25.56,70

9149,1.98,5.24,70,1.71,25.56,70

9170,1.98,5.25,70,1.71,25.56,70

9183,1.98,5.25,70,1.71,25.56,70

9201,1.98,5.25,70,1.71,25.69,70

9219,1.98,5.25,70,1.71,25.69,70

9236,1.98,5.25,70,1.71,25.69,70

9253,1.98,5.25,70,1.71,25.69,70

9269,1.98,5.25,70,1.71,25.69,70

9286,1.98,5.25,70,1.71,25.82,70

9303,1.98,5.25,70,1.71,25.82,70

9319,2.40,5.25,70,1.71,25.82,70

9336,2.40,1.05,70,1.71,25.82,70

9350,2.40,1.05,70,1.71,25.82,70

9369,2.40,1.05,70,1.71,25.95,70

9384,2.40,1.05,70,1.71,25.95,70

9403,2.40,1.05,70,1.71,25.95,70

9416,2.40,1.01,70,1.71,25.95,70

9436,2.40,1.01,70,1.71,25.95,70

9453,2.40,1.01,70,1.71,26.08,70

9469,2.40,1.01,70,1.71,26.08,70

9486,2.40,0.97,70,1.71,26.08,70

9503,2.40,0.97,70,1.71,26.08,70

9519,2.40,0.97,70,1.71,26.08,70

9536,2.40,0.97,70,1.71,26.21,70

9553,2.40,0.97,70,1.71,26.21,70

9569,2.40,0.93,70,1.71,26.21,70

9586,2.40,0.93,70,2.65,26.21,70

9603,2.40,0.93,70,2.65,26.21,70

9619,2.40,0.93,70,2.65,16.89,70

9636,2.40,0.93,70,2.65,16.89,70

9653,2.40,0.89,70,2.65,16.89,70

9670,2.40,0.89,70,2.65,16.89,70

9683,2.40,0.89,70,2.65,16.89,70

9700,2.40,0.89,70,2.65,16.92,70

9717,2.40,0.89,70,2.65,16.92,70

9733,2.40,0.85,70,2.65,16.92,70

9751,2.40,0.85,70,2.65,16.92,70

9767,2.40,0.85,70,2.65,16.96,70

9786,2.40,0.85,70,2.65,16.96,70

9803,2.40,0.81,70,2.65,16.96,70

9819,2.40,0.81,70,2.65,16.96,70

9836,2.40,0.81,70,2.65,16.96,70

9853,2.40,0.81,70,2.65,16.99,70

9868,2.40,0.81,70,2.65,16.99,70

9886,2.40,0.77,70,2.65,16.99,70

9900,2.40,0.77,70,2.65,16.99,70

9916,2.40,0.77,70,2.65,16.99,70

9936,2.40,0.77,70,2.65,17.03,70

9949,2.40,0.77,70,2.65,17.03,70

9969,2.40,0.73,70,2.65,17.03,70

9986,2.40,0.73,70,2.65,17.03,70

9999,2.40,0.73,70,2.65,17.03,70

10018,2.40,0.73,70,2.65,17.06,70

10036,2.40,0.73,70,2.65,17.06,70

10053,2.40,0.69,70,2.65,17.06,70

10069,2.40,0.69,70,2.65,17.06,70

10086,2.40,0.69,70,2.65,17.10,70

10103,2.40,0.69,70,2.65,17.10,70

10119,2.40,0.65,70,2.65,17.10,70

10134,2.40,0.65,70,2.65,17.10,70

10149,2.40,0.65,70,2.65,17.10,70

10169,2.40,0.65,70,2.65,17.14,70

10184,2.40,0.65,70,2.65,17.14,70

10199,2.40,0.61,70,2.65,17.14,70

10217,2.40,0.61,70,2.65,17.14,70

10232,2.40,0.61,70,2.65,17.14,70

10250,2.40,0.61,70,2.65,17.17,70

10266,2.40,0.61,70,2.65,17.17,70

10285,2.40,0.57,70,2.65,17.17,70

10303,2.40,0.57,70,2.65,17.17,70

10319,2.40,0.57,70,3.16,17.17,70

10336,2.40,0.57,70,3.16,12.03,70

10353,2.40,0.57,70,3.16,12.03,70

10369,2.40,0.53,70,3.16,12.03,70

10385,2.40,0.53,70,3.16,12.03,70

10401,2.08,0.53,70,3.16,12.01,70

10416,2.08,0.53,70,3.16,12.01,70

10436,2.08,3.75,70,3.16,12.01,70

10450,2.08,3.75,70,3.16,12.01,70

10467,2.08,3.75,70,3.16,12.01,70

10485,2.08,3.75,70,3.16,11.99,70

10503,2.08,3.75,70,3.16,11.99,70

10520,2.08,3.74,70,3.16,11.99,70

10535,2.08,3.74,70,3.16,11.99,70

10552,2.08,3.74,70,3.16,11.99,70

10567,2.08,3.74,70,3.16,11.98,70

10583,2.08,3.74,70,3.16,11.98,70

10600,2.08,3.73,70,3.16,11.98,70

10618,2.08,3.73,70,3.16,11.98,70

10636,2.08,3.73,70,3.16,11.98,70

10653,2.08,3.73,70,3.16,11.96,70

10668,2.08,3.73,70,3.16,11.96,70

10685,2.08,3.72,70,3.16,11.96,70

10703,2.08,3.72,70,3.16,11.96,70

10719,2.08,3.72,70,3.16,11.95,70

10736,2.08,3.72,70,3.16,11.95,70

10749,2.08,3.72,70,3.16,11.95,70

10767,2.08,3.72,70,3.16,11.95,70

10784,2.08,3.72,70,3.16,11.95,70

10803,2.08,3.72,70,3.16,11.93,70

10819,2.08,3.72,70,3.16,11.93,70

10833,2.08,3.71,70,3.16,11.93,70

10851,2.08,3.71,70,3.16,11.93,70

10869,2.08,3.71,70,3.16,11.93,70

10886,2.08,3.71,70,3.16,11.91,70

10900,2.08,3.71,70,3.16,11.91,70

10916,2.08,3.70,70,3.16,11.91,70

10935,2.08,3.70,70,3.16,11.91,70

10950,2.08,3.70,70,3.16,11.91,70

10970,2.08,3.70,70,3.16,11.90,70

10983,2.08,3.70,70,3.16,11.90,70

11002,2.08,3.69,70,3.16,11.90,70

11019,2.08,3.69,70,3.16,11.90,70

11033,2.08,3.69,70,3.16,11.88,70

11053,2.08,3.69,70,3.16,11.88,70

11074,2.08,3.69,70,3.16,11.88,70

11084,2.08,3.69,70,3.16,11.88,70

11100,2.08,3.69,70,3.16,11.88,70

11119,2.08,3.69,70,3.16,11.87,70

11136,2.08,3.69,70,3.16,11.87,70

11153,2.08,3.69,70,3.16,11.87,70

11168,2.08,3.68,70,3.16,11.87,70

11185,2.08,3.68,70,2.54,11.87,70

11202,2.08,3.68,70,2.54,18.13,70

11216,2.08,3.68,70,2.54,18.13,70

11237,2.08,3.68,70,2.54,18.13,70

11250,2.08,3.67,70,2.54,18.13,70

11269,2.08,3.67,70,2.54,18.13,70

11283,2.08,3.67,70,2.54,18.17,70

11302,2.08,3.67,70,2.54,18.17,70

11318,2.08,3.66,70,2.54,18.17,70

11333,2.40,3.66,70,2.54,18.17,70

11353,2.40,3.66,70,2.54,18.22,70

11370,2.40,3.66,70,2.54,18.22,70

11385,2.40,3.66,70,2.54,18.22,70

11400,2.40,0.40,70,2.54,18.22,70

11417,2.40,0.40,70,2.54,18.22,70

11434,2.40,0.40,70,2.54,18.27,70

11450,2.40,0.40,70,2.54,18.27,70

11470,2.40,0.40,70,2.54,18.27,70

11483,2.40,0.36,70,2.54,18.27,70

11502,2.40,0.36,70,2.54,18.27,70

11516,2.40,0.36,70,2.54,18.31,70

11533,2.40,0.36,70,2.54,18.31,70

11552,2.40,0.36,70,2.54,18.31,70

11566,2.40,0.32,70,2.54,18.31,70

11586,2.40,0.32,70,2.54,18.31,70

11599,2.40,0.32,70,2.54,18.36,70

11618,2.40,0.32,70,2.54,18.36,70

11633,2.40,0.28,70,2.54,18.36,70

11650,2.40,0.28,70,2.54,18.36,70

11667,2.40,0.28,70,2.54,18.40,70

11683,2.40,0.28,70,2.54,18.40,70

11701,2.40,0.28,70,2.54,18.40,70

11720,2.40,0.24,70,2.54,18.40,70

11732,2.40,0.24,70,2.54,18.40,70

11750,2.40,0.24,70,2.54,18.45,70

11770,2.40,0.24,70,2.54,18.45,70

11785,2.40,0.24,70,2.54,18.45,70

11802,2.40,0.20,70,2.54,18.45,70

11818,2.40,0.20,70,2.54,18.45,70

11836,2.40,0.20,70,2.54,18.50,70

11853,2.40,0.20,70,2.54,18.50,70

11867,2.40,0.20,70,2.54,18.50,70

11883,2.40,0.16,70,2.54,18.50,70

11900,2.40,0.16,70,2.54,18.50,70

11916,2.40,0.16,70,2.54,18.54,70

11934,2.40,0.16,70,2.54,18.54,70

11951,2.40,0.12,70,2.54,18.54,70

11969,2.40,0.12,70,2.54,18.54,70

11982,2.40,0.12,70,2.54,18.59,70

12003,2.40,0.12,70,2.54,18.59,70

12020,2.40,0.12,70,2.54,18.59,70

12035,2.40,0.08,70,2.54,18.59,70

12051,2.40,0.08,70,2.54,18.59,70

12067,2.40,0.08,70,2.54,18.64,70

12084,2.40,0.08,70,2.54,18.64,70

12102,2.40,0.08,70,2.54,18.64,70

12117,2.89,0.00,70,2.54,18.64,70

12134,2.89,0.00,70,2.54,18.64,70

12150,2.89,0.00,70,2.54,18.68,70

12170,2.89,0.00,70,2.54,18.68,70

12183,2.89,0.00,70,2.54,18.68,70

12201,2.89,0.00,70,2.54,18.68,70

12217,2.89,0.00,70,2.54,18.68,70

12236,2.89,0.00,70,2.54,18.73,70

12253,2.89,0.00,70,2.54,18.73,70

12269,2.89,0.00,70,2.54,18.73,70

12286,2.89,0.00,70,2.54,18.73,70

12303,2.89,0.00,70,2.54,18.78,70

12320,2.89,0.00,70,2.54,18.78,70

12336,2.89,0.00,70,2.54,18.78,70

12353,2.89,0.00,70,2.54,18.78,70

12370,2.89,0.00,70,2.54,18.78,70

12384,2.89,0.00,70,1.88,18.82,70

12401,2.89,0.00,70,1.88,18.82,70

12416,2.89,0.00,70,1.88,18.82,70

12434,2.89,0.00,70,1.88,18.82,70

12450,2.89,0.00,70,1.88,18.82,70

12470,2.89,0.00,70,1.88,25.55,70

12486,2.89,0.00,70,1.88,25.55,70

12503,2.89,0.00,70,1.88,25.55,70

12520,2.89,0.00,70,1.88,25.55,70

12536,2.89,0.00,70,1.88,25.55,70

12553,2.89,0.00,70,1.88,25.66,70

12570,2.89,0.00,70,1.88,25.66,70

12583,2.89,0.00,70,1.88,25.66,70

12602,2.89,0.00,70,1.88,25.66,70

12618,2.89,0.00,70,1.88,25.66,70

12633,2.89,0.00,70,1.88,25.77,70

12653,2.89,0.00,70,1.88,25.77,70

12667,2.89,0.00,70,1.88,25.77,70

12684,2.89,0.00,70,1.88,25.77,70

12700,2.89,0.00,70,1.88,25.77,70

12719,2.89,0.00,70,1.88,25.88,70

12734,2.89,0.00,70,1.88,25.88,70

12752,2.89,0.00,70,1.88,25.88,70

12769,2.89,0.00,70,1.88,25.88,70

12786,2.89,0.00,70,1.88,25.88,70

12802,2.89,0.00,70,1.88,26.00,70

12816,2.89,0.00,70,1.88,26.00,70

12833,2.89,0.00,70,1.88,26.00,70

12850,2.89,0.00,70,1.88,26.00,70

12870,2.89,0.00,70,1.88,26.11,70

12885,2.89,0.00,70,1.88,26.11,70

12901,2.89,0.00,70,1.88,26.11,70

12920,2.79,0.00,70,1.88,26.11,70

12933,2.79,0.00,70,1.88,26.11,70

12950,2.79,0.00,70,1.88,26.22,70

12970,2.79,0.00,70,1.88,26.22,70

12983,2.79,0.00,70,1.88,26.22,70

13002,2.79,0.00,70,1.88,26.22,70

13016,2.79,0.00,70,1.88,26.22,70

13036,2.79,0.00,70,1.88,26.33,70

13050,2.79,0.00,70,1.88,26.33,70

13070,2.79,0.00,70,1.88,26.33,70

13084,2.79,0.00,70,1.88,26.33,70

13100,2.79,0.00,70,1.88,26.33,70

13117,2.79,0.00,70,1.88,26.44,70

13133,2.79,0.00,70,1.88,26.44,70

13152,2.79,0.00,70,1.88,26.44,70

13166,2.79,0.00,70,1.88,26.44,70

13187,2.79,0.00,70,1.88,26.56,70

13199,2.79,0.00,70,1.88,26.56,70

13218,2.79,0.00,70,1.88,26.56,70

13236,2.79,0.00,70,1.88,26.56,70

13253,2.79,0.00,70,1.88,26.56,70

13270,2.79,0.00,70,1.88,26.67,70

13286,2.79,0.00,70,1.88,26.67,70

13302,2.79,0.00,70,1.88,26.67,70

13316,2.79,0.00,70,1.88,26.67,70

13333,2.79,0.00,70,1.88,26.67,70

13353,2.79,0.00,70,1.88,26.78,70

13368,2.79,0.00,70,2.33,26.78,70

13384,2.79,0.00,70,2.33,26.78,70

13400,2.79,0.00,70,2.33,26.78,70

13419,2.79,0.00,70,2.33,26.78,70

13435,2.79,0.00,70,2.33,22.34,70

13452,2.79,0.00,70,2.33,22.34,70

13466,2.79,0.00,70,2.33,22.34,70

13487,2.79,0.00,70,2.33,22.34,70

13502,2.79,0.00,70,2.33,22.40,70

13518,2.79,0.00,70,2.33,22.40,70

13536,2.79,0.00,70,2.33,22.40,70

13551,2.79,0.00,70,2.33,22.40,70

13567,2.79,0.00,70,2.33,22.40,70

13583,2.79,0.00,70,2.33,22.47,70

13603,2.79,0.00,70,2.33,22.47,70

13617,2.79,0.00,70,2.33,22.47,70

13633,2.79,0.00,70,2.33,22.47,70

13650,2.79,0.00,70,2.33,22.47,70

13666,2.79,0.00,70,2.33,22.54,70

13687,2.79,0.00,70,2.33,22.54,70

13699,2.79,0.00,70,2.33,22.54,70

13720,2.79,0.00,70,2.33,22.54,70

13734,2.79,0.00,70,2.33,22.54,70

13750,2.79,0.00,70,2.33,22.60,70

13768,2.79,0.00,70,2.33,22.60,70

13784,2.79,0.00,70,2.33,22.60,70

13802,2.79,0.00,70,2.33,22.60,70

13818,2.79,0.00,70,2.33,22.67,70

13833,2.79,0.00,70,2.33,22.67,70

13850,2.79,0.00,70,2.33,22.67,70

13870,2.79,0.00,70,2.33,22.67,70

13884,2.79,0.00,70,2.33,22.67,70

13900,2.79,0.00,70,2.33,22.74,70

13920,2.79,0.00,70,2.33,22.74,70

13933,2.79,0.00,70,2.33,22.74,70

13953,2.79,0.00,70,2.33,22.74,70

13966,2.79,0.00,70,2.33,22.74,70

13985,2.79,0.00,70,2.33,22.81,70

14003,2.79,0.00,70,2.33,22.81,70

14020,2.79,0.00,70,2.33,22.81,70

14036,2.79,0.00,70,2.33,22.81,70

14053,2.79,0.00,70,2.33,22.81,70

14070,2.79,0.00,70,2.33,22.87,70

14084,2.79,0.00,70,2.33,22.87,70

14101,2.79,0.00,70,2.33,22.87,70

14120,2.79,0.00,70,2.33,22.87,70

14136,2.79,0.00,70,2.92,16.95,70

14153,2.79,0.00,70,2.92,16.95,70

14166,1.80,0.00,70,2.92,16.95,70

14186,1.80,3.94,70,2.92,16.95,70

14199,1.80,3.94,70,2.92,16.95,70

14221,1.80,3.94,70,2.92,16.96,70

14235,1.80,3.94,70,2.92,16.96,70

14253,1.80,3.94,70,2.92,16.96,70

14267,1.80,3.96,70,2.92,16.96,70

14285,1.80,3.96,70,2.92,16.96,70

14302,1.80,3.96,70,2.92,16.97,70

14320,1.80,3.96,70,2.92,16.97,70

14335,1.80,3.96,70,2.92,16.97,70

14351,1.80,3.98,70,2.92,16.97,70

14370,1.80,3.98,70,2.92,16.97,70

14386,1.80,3.98,70,2.92,16.98,70

14403,1.80,3.98,70,2.92,16.98,70

14418,1.80,4.00,70,2.92,16.98,70

14436,1.80,4.00,70,2.92,16.98,70

14451,1.80,4.00,70,2.92,16.99,70

14470,1.80,4.00,70,2.92,16.99,70

14486,1.80,4.00,70,2.92,16.99,70

14499,1.80,4.02,70,2.92,16.99,70

14518,1.80,4.02,70,2.92,16.99,70

14536,1.80,4.02,70,2.92,16.99,70

14552,1.80,4.02,70,2.92,16.99,70

14569,1.80,4.02,70,2.92,16.99,70

14586,1.80,4.04,70,2.92,16.99,70

14599,1.80,4.04,70,2.92,16.99,70

14616,1.80,4.04,70,2.92,17.00,70

14635,1.80,4.04,70,2.92,17.00,70

14653,1.80,4.04,70,2.92,17.00,70

14666,1.80,4.06,70,2.92,17.00,70

14685,1.80,4.06,70,2.92,17.00,70

14699,1.80,4.06,70,2.92,17.01,70

14720,1.80,4.06,70,2.92,17.01,70

14735,1.80,4.08,70,2.92,17.01,70

14751,1.80,4.08,70,2.92,17.01,70

14767,1.80,4.08,70,2.92,17.02,70

14785,1.80,4.08,70,2.92,17.02,70

14803,1.80,4.08,70,2.92,17.02,70

14820,1.80,4.10,70,2.92,17.02,70

14837,1.80,4.10,70,2.92,17.02,70

14850,1.80,4.10,70,2.92,17.03,70

14869,1.80,4.10,70,2.92,17.03,70

14885,1.80,4.10,70,2.92,17.03,70

14900,1.80,4.12,70,2.92,17.03,70

14917,1.80,4.12,70,2.92,17.03,70

14936,1.80,4.12,70,2.92,17.03,70

14952,1.80,4.12,70,2.92,17.03,70

14967,1.80,4.12,70,2.92,17.03,70

14986,1.80,4.14,70,2.92,17.03,70

15001,1.80,4.14,70,2.92,17.03,70

15016,1.80,4.14,70,2.92,17.04,70

15037,1.80,4.14,70,2.92,17.04,70

15052,1.80,4.16,70,2.92,17.04,70

15068,1.80,4.16,70,2.92,17.04,70

15086,1.80,4.16,70,2.92,17.04,70

15103,1.80,4.16,70,2.28,17.05,70

15117,2.36,4.16,70,2.28,17.05,70

15135,2.36,0.00,70,2.28,17.05,70

15150,2.36,0.00,70,2.28,17.05,70

15166,2.36,0.00,70,2.28,17.05,70

15185,2.36,0.00,70,2.28,23.56,70

15202,2.36,0.00,70,2.28,23.56,70

15219,2.36,0.00,70,2.28,23.56,70

15235,2.36,0.00,70,2.28,23.56,70

15251,2.36,0.00,70,2.28,23.56,70

15267,2.36,0.00,70,2.28,23.64,70

15286,2.36,0.00,70,2.28,23.64,70

15302,2.36,0.00,70,2.28,23.64,70

15316,2.36,0.00,70,2.28,23.64,70

15336,2.36,0.00,70,2.28,23.64,70

15350,2.36,0.00,70,2.28,23.71,70

15370,2.36,0.00,70,2.28,23.71,70

15385,2.36,0.00,70,2.28,23.71,70

15402,2.36,0.00,70,2.28,23.71,70

15417,2.36,0.00,70,2.28,23.71,70

15436,2.36,0.00,70,2.28,23.78,70

15451,2.36,0.00,70,2.28,23.78,70

15466,2.36,0.00,70,2.28,23.78,70

15486,2.36,0.00,70,2.28,23.78,70

15501,2.36,0.00,70,2.28,23.78,70

15520,2.36,0.00,70,2.28,23.85,70

15535,2.36,0.00,70,2.28,23.85,70

15551,2.36,0.00,70,2.28,23.85,70

15567,2.36,0.00,70,2.28,23.85,70

15586,2.36,0.00,70,2.28,23.85,70

15602,2.36,0.00,70,2.28,23.93,70

15619,2.36,0.00,70,2.28,23.93,70

15635,2.36,0.00,70,2.28,23.93,70

15651,2.36,0.00,70,2.28,23.93,70

15668,2.36,0.00,70,2.28,24.00,70

15686,2.36,0.00,70,2.28,24.00,70

15701,2.36,0.00,70,2.28,24.00,70

15718,2.36,0.00,70,2.28,24.00,70

15736,2.36,0.00,70,2.28,24.00,70

15753,2.36,0.00,70,2.28,24.07,70

15767,2.36,0.00,70,2.28,24.07,70

15786,2.36,0.00,70,2.28,24.07,70

15802,2.36,0.00,70,2.28,24.07,70

15819,2.36,0.00,70,2.28,24.07,70

15835,2.36,0.00,70,2.28,24.14,70

15851,2.36,0.00,70,2.28,24.14,70

15869,3.01,0.00,70,2.28,24.14,70

15885,3.01,0.00,70,2.28,24.14,70

15900,3.01,0.00,70,2.28,24.14,70

15916,3.01,0.00,70,2.28,24.22,70

15936,3.01,0.00,70,2.28,24.22,70

15950,3.01,0.00,70,2.28,24.22,70

15967,3.01,0.00,70,2.28,24.22,70

15986,3.01,0.00,70,2.28,24.22,70

16001,3.01,0.00,70,2.28,24.29,70

16020,3.01,0.00,70,2.28,24.29,70

16035,3.01,0.00,70,2.28,24.29,70

16052,3.01,0.00,70,2.42,24.29,70

16068,3.01,0.00,70,2.42,24.29,70

16086,3.01,0.00,70,2.42,22.92,70

16101,3.01,0.00,70,2.42,22.92,70

16117,3.01,0.00,70,2.42,22.92,70

16136,3.01,0.00,70,2.42,22.92,70

16151,3.01,0.00,70,2.42,22.92,70

16168,3.01,0.00,70,2.42,22.98,70

16185,3.01,0.00,70,2.42,22.98,70

16201,3.01,0.00,70,2.42,22.98,70

16220,3.01,0.00,70,2.42,22.98,70

16235,3.01,0.00,70,2.42,22.98,70

16252,3.01,0.00,70,2.42,23.04,70

16270,3.01,0.00,70,2.42,23.04,70

16285,3.01,0.00,70,2.42,23.04,70

16302,3.01,0.00,70,2.42,23.04,70

16317,3.01,0.00,70,2.42,23.10,70

16336,3.01,0.00,70,2.42,23.10,70

16350,3.01,0.00,70,2.42,23.10,70

16368,3.01,0.00,70,2.42,23.10,70

16386,3.01,0.00,70,2.42,23.10,70

16402,3.01,0.00,70,2.42,23.16,70

16417,3.01,0.00,70,2.42,23.16,70

16436,3.01,0.00,70,2.42,23.16,70

16450,3.01,0.00,70,2.42,23.16,70

16466,3.01,0.00,70,2.42,23.16,70

16486,3.01,0.00,70,2.42,23.21,70

16500,3.01,0.00,70,2.42,23.21,70

16520,3.01,0.00,70,2.42,23.21,70

16535,3.01,0.00,70,2.42,23.21,70

16552,3.01,0.00,70,2.42,23.21,70

16566,3.01,0.00,70,2.42,23.27,70

16586,3.01,0.00,70,2.42,23.27,70

16600,3.01,0.00,70,2.42,23.27,70

16616,3.01,0.00,70,2.42,23.27,70

16636,3.01,0.00,70,2.42,23.33,70

16651,3.01,0.00,70,2.42,23.33,70

16666,3.01,0.00,70,2.42,23.33,70

16685,3.01,0.00,70,2.42,23.33,70

16700,3.01,0.00,70,2.42,23.33,70

16720,3.01,0.00,70,2.42,23.39,70

16735,3.01,0.00,70,2.42,23.39,70

16751,3.01,0.00,70,2.42,23.39,70

16766,3.01,0.00,70,2.42,23.39,70

16786,3.01,0.00,70,3.01,23.39,70

16801,3.01,0.00,70,3.01,17.52,70

16817,3.01,0.00,70,3.01,17.52,70

16836,3.01,0.00,70,3.01,17.52,70

16853,3.01,0.00,70,3.01,17.52,70

16868,3.01,0.00,70,3.01,17.52,70

16886,3.01,0.00,70,3.01,17.52,70

16902,3.01,0.00,70,3.01,17.52,70

16920,3.01,0.00,70,3.01,17.52,70

16935,3.01,0.00,70,3.01,17.52,70

16950,3.01,0.00,70,3.01,17.52,70

16970,3.01,0.00,70,3.01,17.52,70

16985,3.01,0.00,70,3.01,17.52,70

17000,3.01,0.00,70,3.01,17.52,70

17020,3.01,0.00,70,3.01,17.52,70

17035,3.01,0.00,70,3.01,17.52,70

17053,1.90,1.40,70,3.01,17.52,70

17068,1.90,1.40,70,3.01,17.52,70

17086,1.90,1.40,70,3.01,17.52,70

17102,1.90,1.40,70,3.01,17.52,70

17117,1.90,1.40,70,3.01,17.52,70

17135,1.90,1.41,70,3.01,17.52,70

17153,1.90,1.41,70,3.01,17.52,70

17169,1.90,1.41,70,3.01,17.52,70

17187,1.90,1.41,70,3.01,17.52,70

17202,1.90,1.42,70,3.01,17.52,70

17216,1.90,1.42,70,3.01,17.52,70

17235,1.90,1.42,70,3.01,17.52,70

17253,1.90,1.42,70,3.01,17.52,70

17267,1.90,1.42,70,3.01,17.52,70

17285,1.90,1.43,70,3.01,17.52,70

17303,1.90,1.43,70,3.01,17.52,70

17319,1.90,1.43,70,3.01,17.52,70

17334,1.90,1.43,70,3.01,17.52,70

17352,1.90,1.43,70,3.01,17.52,70

17370,1.90,1.44,70,3.01,17.52,70

17384,1.90,1.44,70,3.01,17.52,70

17402,1.90,1.44,70,3.01,17.52,70

17416,1.90,1.44,70,3.01,17.52,70

17436,1.90,1.44,70,3.01,17.52,70

17450,1.90,1.45,70,3.01,17.52,70

17470,1.90,1.45,70,3.01,17.52,70

17486,1.90,1.45,70,3.01,17.52,70

17499,1.90,1.45,70,3.01,17.52,70

17521,1.90,1.46,70,3.01,17.51,70

17534,1.90,1.46,70,3.01,17.51,70

17552,1.90,1.46,70,3.01,17.51,70

17566,1.90,1.46,70,3.01,17.51,70

17586,1.90,1.46,70,3.01,17.51,70

17602,1.90,1.47,70,2.79,19.70,70

17617,1.90,1.47,70,2.79,19.70,70

17634,1.90,1.47,70,2.79,19.70,70

17650,1.90,1.47,70,2.79,19.70,70

17670,1.90,1.47,70,2.79,19.70,70

17686,1.90,1.48,70,2.79,19.72,70

17700,1.90,1.48,70,2.79,19.72,70

17720,1.90,1.48,70,2.79,19.72,70

17735,1.90,1.48,70,2.79,19.72,70

17750,1.90,1.48,70,2.79,19.72,70

17770,1.90,1.49,70,2.79,19.74,70

17784,1.90,1.49,70,2.79,19.74,70

17803,1.90,1.49,70,2.79,19.74,70

17819,1.90,1.49,70,2.79,19.74,70

17835,1.90,1.50,70,2.79,19.77,70

17850,1.90,1.50,70,2.79,19.77,70

17866,1.90,1.50,70,2.79,19.77,70

17884,1.90,1.50,70,2.79,19.77,70

17903,1.90,1.50,70,2.79,19.77,70

17917,1.90,1.51,70,2.79,19.79,70

17936,1.90,1.51,70,2.79,19.79,70

17950,1.90,1.51,70,2.79,19.79,70

17969,1.90,1.51,70,2.79,19.79,70

17984,1.90,1.51,70,2.79,19.79,70

18002,1.90,1.52,70,2.79,19.81,70

18018,1.90,1.52,70,2.79,19.81,70

18034,1.90,1.52,70,2.79,19.81,70

18051,2.26,1.52,70,2.79,19.81,70

18067,2.26,1.52,70,2.79,19.81,70

18086,2.26,0.00,70,2.79,19.83,70

18101,2.26,0.00,70,2.79,19.83,70

18118,2.26,0.00,70,2.79,19.83,70

18134,2.26,0.00,70,2.79,19.83,70

18150,2.26,0.00,70,2.79,19.85,70

18170,2.26,0.00,70,2.79,19.85,70

18184,2.26,0.00,70,2.79,19.85,70

18203,2.26,0.00,70,2.79,19.85,70

18216,2.26,0.00,70,2.79,19.85,70

18235,2.26,0.00,70,2.79,19.87,70

18249,2.26,0.00,70,2.79,19.87,70

18267,2.26,0.00,70,2.79,19.87,70

18284,2.26,0.00,70,2.79,19.87,70

18302,2.26,0.00,70,2.79,19.87,70

18319,2.26,0.00,70,2.79,19.89,70

18334,2.26,0.00,70,2.79,19.89,70

18353,2.26,0.00,70,2.79,19.89,70

18368,2.26,0.00,70,2.79,19.89,70

18385,2.26,0.00,70,2.79,19.89,70

18400,2.26,0.00,70,2.79,19.91,70

18420,2.26,0.00,70,2.79,19.91,70

18435,2.26,0.00,70,2.79,19.91,70

18453,2.26,0.00,70,2.79,19.91,70

18467,2.26,0.00,70,2.79,19.93,70

18484,2.26,0.00,70,2.79,19.93,70

18501,2.26,0.00,70,2.79,19.93,70

18520,2.26,0.00,70,2.79,19.93,70

18534,2.26,0.00,70,2.79,19.93,70

18552,2.26,0.00,70,2.79,19.96,70

18568,2.26,0.00,70,2.79,19.96,70

18586,2.26,0.00,70,2.79,19.96,70

18603,2.26,0.00,70,2.79,19.96,70

18617,2.26,0.00,70,2.79,19.96,70

18635,2.26,0.00,70,2.79,19.98,70

18652,2.26,0.00,70,2.79,19.98,70

18670,2.26,0.00,70,2.79,19.98,70

18684,2.26,0.00,70,2.79,19.98,70

18702,2.26,0.00,70,2.79,19.98,70

18716,2.26,0.00,70,2.79,20.00,70

18736,2.26,0.00,70,2.79,20.00,70

18751,2.26,0.00,70,2.79,20.00,70

18769,2.26,0.00,70,2.79,20.00,70

18784,2.26,0.00,70,2.79,20.02,70

18802,2.26,0.00,70,1.88,20.02,70

18818,2.26,0.00,70,1.88,20.02,70

18834,2.87,0.00,70,1.88,20.02,70

18853,2.87,0.00,70,1.88,20.02,70

18868,2.87,0.00,70,1.88,29.26,70

18886,2.87,0.00,70,1.88,29.26,70

18901,2.87,0.00,70,1.88,29.26,70

18916,2.87,0.00,70,1.88,29.26,70

18934,2.87,0.00,70,1.88,29.26,70

18953,2.87,0.00,70,1.88,29.37,70

18970,2.87,0.00,70,1.88,29.37,70

18985,2.87,0.00,70,1.88,29.37,70

19004,2.87,0.00,70,1.88,29.37,70

19019,2.87,0.00,70,1.88,29.37,70

19034,2.87,0.00,70,1.88,29.48,70

19052,2.87,0.00,70,1.88,29.48,70

19070,2.87,0.00,70,1.88,29.48,70

19085,2.87,0.00,70,1.88,29.48,70

19101,2.87,0.00,70,1.88,29.59,70

19120,2.87,0.00,70,1.88,29.59,70

19134,2.87,0.00,70,1.88,29.59,70

19153,2.87,0.00,70,1.88,29.59,70

19167,2.87,0.00,70,1.88,29.59,70

19184,2.87,0.00,70,1.88,29.71,70

19202,2.87,0.00,70,1.88,29.71,70

19216,2.87,0.00,70,1.88,29.71,70

19236,2.87,0.00,70,1.88,29.71,70

19253,2.87,0.00,70,1.88,29.71,70

19270,2.87,0.00,70,1.88,29.82,70

19284,2.87,0.00,70,1.88,29.82,70

19301,2.87,0.00,70,1.88,29.82,70

19318,2.87,0.00,70,1.88,29.82,70

19335,2.87,0.00,70,1.88,29.82,70

19352,2.87,0.00,70,1.88,29.93,70

19370,2.87,0.00,70,1.88,29.93,70

19386,2.87,0.00,70,1.88,29.93,70

19401,2.87,0.00,70,1.88,29.93,70

19417,2.87,0.00,70,1.88,30.04,70

19437,2.87,0.00,70,1.88,30.04,70

19451,2.87,0.00,70,1.88,30.04,70

19470,2.87,0.00,70,1.88,30.04,70

19484,2.87,0.00,70,1.88,30.04,70

19503,2.87,0.00,70,1.88,30.16,70

19518,2.87,0.00,70,1.88,30.16,70

19534,2.87,0.00,70,1.88,30.16,70

19550,2.87,0.00,70,1.88,30.16,70

19570,2.87,0.00,70,1.88,30.16,70

19584,2.87,0.00,70,1.88,30.27,70

19600,2.87,0.00,70,1.88,30.27,70

19617,2.87,0.00,70,1.88,30.27,70

19634,2.87,0.00,70,1.88,30.27,70

19652,2.87,0.00,70,1.88,30.27,70

19666,2.87,0.00,70,1.88,30.38,70

19685,2.87,0.00,70,1.88,30.38,70

19700,2.87,0.00,70,1.88,30.38,70

19717,2.87,0.00,70,1.88,30.38,70

19736,2.87,0.00,70,1.88,30.49,70

19751,2.87,0.00,70,1.88,30.49,70

19770,2.87,0.00,70,1.88,30.49,70

19784,2.87,0.00,70,1.88,30.49,70

19803,2.87,0.00,70,1.88,30.49,70

19816,2.28,0.00,70,1.88,30.61,70

19834,2.28,0.00,70,1.88,30.61,70

19851,2.28,0.00,70,1.88,30.61,70

19868,2.28,0.00,70,1.88,30.61,70

19886,2.28,0.00,70,2.05,30.61,70

19901,2.28,0.00,70,2.05,28.96,70

19920,2.28,0.00,70,2.05,28.96,70

19934,2.28,0.00,70,2.05,28.96,70

19950,2.28,0.00,70,2.05,28.96,70

19970,2.28,0.00,70,2.05,28.96,70

19984,2.28,0.00,70,2.05,29.06,70

20003,2.28,0.00,70,2.05,29.06,70

20017,2.28,0.00,70,2.05,29.06,70

20035,2.28,0.00,70,2.05,29.06,70

20051,2.28,0.00,70,2.05,29.15,70

20070,2.28,0.00,70,2.05,29.15,70

20084,2.28,0.00,70,2.05,29.15,70

20101,2.28,0.00,70,2.05,29.15,70

20118,2.28,0.00,70,2.05,29.15,70

20134,2.28,0.00,70,2.05,29.25,70

20153,2.28,0.00,70,2.05,29.25,70

20169,2.28,0.00,70,2.05,29.25,70

20184,2.28,0.00,70,2.05,29.25,70

20200,2.28,0.00,70,2.05,29.25,70

20220,2.28,0.00,70,2.05,29.34,70

20235,2.28,0.00,70,2.05,29.34,70

20250,2.28,0.00,70,2.05,29.34,70

20270,2.28,0.00,70,2.05,29.34,70

20284,2.28,0.00,70,2.05,29.34,70

20304,2.28,0.00,70,2.05,29.44,70

20318,2.28,0.00,70,2.05,29.44,70

20334,2.28,0.00,70,2.05,29.44,70

20351,2.28,0.00,70,2.05,29.44,70

20367,2.28,0.00,70,2.05,29.44,70

20386,2.28,0.00,70,2.05,29.53,70

20403,2.28,0.00,70,2.05,29.53,70

20420,2.28,0.00,70,2.05,29.53,70

20434,2.28,0.00,70,2.05,29.53,70

20452,2.28,0.00,70,2.05,29.53,70

20469,2.28,0.00,70,2.05,29.63,70

20485,2.28,0.00,70,2.05,29.63,70

20502,2.28,0.00,70,2.05,29.63,70

20520,2.28,0.00,70,2.05,29.63,70

20535,2.28,0.00,70,2.05,29.63,70

20552,2.28,0.00,70,2.05,29.72,70

20567,2.28,0.00,70,2.05,29.72,70

20585,2.28,0.00,70,2.05,29.72,70

20600,2.28,0.00,70,2.05,29.72,70

20620,2.28,0.00,70,2.05,29.82,70

20634,2.28,0.00,70,2.05,29.82,70

20652,2.28,0.00,70,2.05,29.82,70

20670,2.28,0.00,70,2.05,29.82,70

20684,2.28,0.00,70,2.05,29.82,70

20700,2.28,0.00,70,2.05,29.91,70

20720,2.28,0.00,70,2.05,29.91,70

20734,2.28,0.00,70,2.05,29.91,70

20750,2.28,0.00,70,2.05,29.91,70

20770,2.28,0.00,70,2.60,29.91,70

20784,2.28,0.00,70,2.60,24.44,70

20802,2.28,0.00,70,2.60,24.44,70

20817,2.28,0.00,70,2.60,24.44,70

20834,2.28,0.00,70,2.60,24.44,70

20850,2.28,0.00,70,2.60,24.44,70

20870,2.28,0.00,70,2.60,24.48,70

20884,2.28,0.00,70,2.60,24.48,70

20903,2.28,0.00,70,2.60,24.48,70

20919,2.28,0.00,70,2.60,24.48,70

20934,2.28,0.00,70,2.60,24.52,70

20951,2.28,0.00,70,2.60,24.52,70

20967,2.28,0.00,70,2.60,24.52,70

20984,2.28,0.00,70,2.60,24.52,70

21001,2.28,0.00,70,2.60,24.52,70

21020,2.28,0.00,70,2.60,24.56,70

21035,2.28,0.00,70,2.60,24.56,70

21051,2.28,0.00,70,2.60,24.56,70

21070,2.28,0.00,70,2.60,24.56,70

21084,2.28,0.00,70,2.60,24.56,70

21103,2.28,0.00,70,2.60,24.60,70

21120,2.28,0.00,70,2.60,24.60,70

21135,2.28,0.00,70,2.60,24.60,70

21151,2.28,0.00,70,2.60,24.60,70

21167,2.28,0.00,70,2.60,24.60,70

21187,2.28,0.00,70,2.60,24.64,70

21200,2.28,0.00,70,2.60,24.64,70

21220,1.61,0.00,70,2.60,24.64,70

21233,1.61,0.00,70,2.60,24.64,70

21251,1.61,3.92,70,2.60,24.68,70

21270,1.61,3.92,70,2.60,24.68,70

21284,1.61,3.92,70,2.60,24.68,70

21302,1.61,3.92,70,2.60,24.68,70

21320,1.61,3.92,70,2.60,24.68,70

21335,1.61,3.96,70,2.60,24.72,70

21353,1.61,3.96,70,2.60,24.72,70

21367,1.61,3.96,70,2.60,24.72,70

21384,1.61,3.96,70,2.60,24.72,70

21401,1.61,3.96,70,2.60,24.72,70

21419,1.61,4.00,70,2.60,24.76,70

21434,1.61,4.00,70,2.60,24.76,70

21452,1.61,4.00,70,2.60,24.76,70

21470,1.61,4.00,70,2.60,24.76,70

21485,1.61,4.00,70,2.60,24.76,70

21500,1.61,4.03,70,2.60,24.80,70

21516,1.61,4.03,70,2.60,24.80,70

21535,1.61,4.03,70,2.60,24.80,70

21552,1.61,4.03,70,2.60,24.80,70

21569,1.61,4.07,70,2.60,24.84,70

21584,1.61,4.07,70,2.60,24.84,70

21599,1.61,4.07,70,2.60,24.84,70

21621,1.61,4.07,70,2.60,24.84,70

21634,1.61,4.07,70,2.60,24.84,70

21651,1.61,4.11,70,2.60,24.88,70

21667,1.61,4.11,70,2.60,24.88,70

21686,1.61,4.11,70,2.60,24.88,70

21704,1.61,4.11,70,2.60,24.88,70

21717,1.61,4.11,70,2.60,24.88,70

21734,1.61,4.15,70,2.33,27.68,70

21751,1.61,4.15,70,2.33,27.68,70

21771,1.61,4.15,70,2.33,27.68,70

21785,1.61,4.15,70,2.33,27.68,70

21803,1.61,4.15,70,2.33,27.68,70

21817,1.61,4.19,70,2.33,27.75,70

21836,1.61,4.19,70,2.33,27.75,70

21853,1.61,4.19,70,2.33,27.75,70

21869,1.61,4.19,70,2.33,27.75,70

21884,1.61,4.23,70,2.33,27.82,70

21902,1.61,4.23,70,2.33,27.82,70

21920,1.61,4.23,70,2.33,27.82,70

21935,1.61,4.23,70,2.33,27.82,70

21952,1.61,4.23,70,2.33,27.82,70

21970,1.61,4.27,70,2.33,27.89,70

21985,1.61,4.27,70,2.33,27.89,70

22001,1.61,4.27,70,2.33,27.89,70

22020,1.61,4.27,70,2.33,27.89,70

22036,1.61,4.27,70,2.33,27.89,70

22051,1.61,4.31,70,2.33,27.95,70

22070,1.61,4.31,70,2.33,27.95,70

22085,1.61,4.31,70,2.33,27.95,70

22103,1.61,4.31,70,2.33,27.95,70

22119,1.61,4.31,70,2.33,27.95,70

22135,1.61,4.34,70,2.33,28.02,70

22150,1.61,4.34,70,2.33,28.02,70

22170,1.61,4.34,70,2.33,28.02,70

22184,2.31,4.34,70,2.33,28.02,70

22201,2.31,0.00,70,2.33,28.09,70

22220,2.31,0.00,70,2.33,28.09,70

22234,2.31,0.00,70,2.33,28.09,70

22251,2.31,0.00,70,2.33,28.09,70

22267,2.31,0.00,70,2.33,28.09,70

22287,2.31,0.00,70,2.33,28.15,70

22303,2.31,0.00,70,2.33,28.15,70

22320,2.31,0.00,70,2.33,28.15,70

22336,2.31,0.00,70,2.33,28.15,70

22353,2.31,0.00,70,2.33,28.15,70

22367,2.31,0.00,70,2.33,28.22,70

22384,2.31,0.00,70,2.33,28.22,70

22401,2.31,0.00,70,2.33,28.22,70

22417,2.31,0.00,70,2.33,28.22,70

22435,2.31,0.00,70,2.33,28.22,70

22451,2.31,0.00,70,2.33,28.29,70

22470,2.31,0.00,70,2.33,28.29,70

22486,2.31,0.00,70,2.33,28.29,70

22501,2.31,0.00,70,2.33,28.29,70

22517,2.31,0.00,70,2.33,28.36,70

22533,2.31,0.00,70,2.33,28.36,70

22552,2.31,0.00,70,2.33,28.36,70

22570,2.31,0.00,70,2.62,28.36,70

22586,2.31,0.00,70,2.62,28.36,70

22603,2.31,0.00,70,2.62,25.44,70

22619,2.31,0.00,70,2.62,25.44,70

22636,2.31,0.00,70,2.62,25.44,70

22651,2.31,0.00,70,2.62,25.44,70

22670,2.31,0.00,70,2.62,25.44,70

22684,2.31,0.00,70,2.62,25.47,70

22701,2.31,0.00,70,2.62,25.47,70

22720,2.31,0.00,70,2.62,25.47,70

22735,2.31,0.00,70,2.62,25.47,70

22750,2.31,0.00,70,2.62,25.47,70

22770,2.31,0.00,70,2.62,25.51,70

22787,2.31,0.00,70,2.62,25.51,70

22802,2.31,0.00,70,2.62,25.51,70

22820,2.31,0.00,70,2.62,25.51,70

22836,2.31,0.00,70,2.62,25.55,70

22850,2.31,0.00,70,2.62,25.55,70

22870,2.31,0.00,70,2.62,25.55,70

22886,2.31,0.00,70,2.62,25.55,70

22902,2.31,0.00,70,2.62,25.55,70

22917,2.31,0.00,70,2.62,25.59,70

22934,3.01,0.00,70,2.62,25.59,70

22954,3.01,0.00,70,2.62,25.59,70

22967,3.01,0.00,70,2.62,25.59,70

22987,3.01,0.00,70,2.62,25.59,70

23001,3.01,0.00,70,2.62,25.62,70

23020,3.01,0.00,70,2.62,25.62,70

23034,3.01,0.00,70,2.62,25.62,70

23052,3.01,0.00,70,2.62,25.62,70

23070,3.01,0.00,70,2.62,25.62,70

23084,3.01,0.00,70,2.62,25.66,70

23102,3.01,0.00,70,2.62,25.66,70

23120,3.01,0.00,70,2.62,25.66,70

23134,3.01,0.00,70,2.62,25.66,70

23153,3.01,0.00,70,2.62,25.66,70

23167,3.01,0.00,70,2.62,25.70,70

23185,3.01,0.00,70,2.62,25.70,70

23201,3.01,0.00,70,2.62,25.70,70

23218,3.01,0.00,70,2.62,25.70,70

23236,3.01,0.00,70,2.62,25.70,70

23254,3.01,0.00,70,2.62,25.74,70

23267,3.01,0.00,70,2.62,25.74,70

23285,3.01,0.00,70,2.62,25.74,70

23301,3.01,0.00,70,3.10,25.74,70

23320,3.01,0.00,70,3.10,25.74,70

23335,3.01,0.00,70,3.10,21.01,70

23351,3.01,0.00,70,3.10,21.01,70

23370,3.01,0.00,70,3.10,21.01,70

23384,3.01,0.00,70,3.10,21.01,70

23404,3.01,0.00,70,3.10,21.00,70

23419,3.01,0.00,70,3.10,21.00,70

23434,3.01,0.00,70,3.10,21.00,70

23454,3.01,0.00,70,3.10,21.00,70

23467,3.01,0.00,70,3.10,21.00,70

23485,3.01,0.00,70,3.10,20.99,70

23501,3.01,0.00,70,3.10,20.99,70

23520,3.01,0.00,70,3.10,20.99,70

23535,3.01,0.00,70,3.10,20.99,70

23552,3.01,0.00,70,3.10,20.99,70

23570,3.01,0.00,70,3.10,20.98,70

23586,3.01,0.00,70,3.10,20.98,70

23602,3.01,0.00,70,3.10,20.98,70

23621,3.01,0.00,70,3.10,20.98,70

23636,3.01,0.00,70,3.10,20.98,70

23651,3.01,0.00,70,3.10,20.97,70

23670,3.01,0.00,70,3.10,20.97,70

23687,3.01,0.00,70,3.10,20.97,70

23700,2.95,0.00,70,3.10,20.97,70

23720,2.95,0.00,70,3.10,20.96,70

23735,2.95,0.00,70,3.10,20.96,70

23753,2.95,0.00,70,3.10,20.96,70

23771,2.95,0.00,70,3.10,20.96,70

23785,2.95,0.00,70,3.10,20.96,70

23801,2.95,0.00,70,3.10,20.95,70

23818,2.95,0.00,70,3.10,20.95,70

23835,2.95,0.00,70,3.10,20.95,70

23851,2.95,0.00,70,3.10,20.95,70

23870,2.95,0.00,70,3.10,20.95,70

23885,2.95,0.00,70,3.10,20.94,70

23903,2.95,0.00,70,3.10,20.94,70

23920,2.95,0.00,70,3.10,20.94,70

23934,2.95,0.00,70,3.10,20.94,70

23950,2.95,0.00,70,3.10,20.94,70

23970,2.95,0.00,70,3.10,20.93,70

23985,2.95,0.00,70,3.10,20.93,70

24003,2.95,0.00,70,3.10,20.93,70

24019,2.95,0.00,70,3.19,20.93,70

24037,2.95,0.00,70,3.19,19.95,70

24053,2.95,0.00,70,3.19,19.95,70

24070,2.95,0.00,70,3.19,19.95,70

24084,2.95,0.00,70,3.19,19.95,70

24101,2.95,0.00,70,3.19,19.95,70

24116,2.95,0.00,70,3.19,19.93,70

24135,2.95,0.00,70,3.19,19.93,70

24151,2.95,0.00,70,3.19,19.93,70

24170,2.95,0.00,70,3.19,19.93,70

24184,2.95,0.00,70,3.19,19.93,70

24200,2.95,0.00,70,3.19,19.92,70

24220,2.95,0.00,70,3.19,19.92,70

24235,2.95,0.00,70,3.19,19.92,70

24251,2.95,0.00,70,3.19,19.92,70

24270,2.95,0.00,70,3.19,19.92,70

24286,2.95,0.00,70,3.19,19.90,70

24302,2.95,0.00,70,3.19,19.90,70

24318,2.95,0.00,70,3.19,19.90,70

24334,2.95,0.00,70,3.19,19.90,70

24352,2.95,0.00,70,3.19,19.88,70

24369,2.95,0.00,70,3.19,19.88,70

24386,2.95,0.00,70,3.19,19.88,70

24402,2.95,0.00,70,3.19,19.88,70

24420,2.95,0.00,70,3.19,19.88,70

24437,3.03,0.00,70,3.19,19.86,70

24452,3.03,0.00,70,3.19,19.86,70

24470,3.03,0.00,70,3.19,19.86,70

24485,3.03,0.00,70,3.19,19.86,70

24503,3.03,0.00,70,3.19,19.86,70

24519,3.03,0.00,70,3.19,19.84,70

24534,3.03,0.00,70,3.19,19.84,70

24552,3.03,0.00,70,3.19,19.84,70

24569,3.03,0.00,70,3.19,19.84,70

24583,3.03,0.00,70,3.19,19.84,70

24600,3.03,0.00,70,3.19,19.82,70

24620,3.03,0.00,70,3.19,19.82,70

24636,3.03,0.00,70,3.19,19.82,70

24652,3.03,0.00,70,3.19,19.82,70

24670,3.03,0.00,70,3.19,19.80,70

24685,3.03,0.00,70,3.19,19.80,70

24700,3.03,0.00,70,3.19,19.80,70

24720,3.03,0.00,70,3.19,19.80,70

24734,3.03,0.00,70,3.19,19.80,70

24751,3.03,0.00,70,3.06,21.06,70

24770,3.03,0.00,70,3.06,21.06,70

24786,3.03,0.00,70,3.06,21.06,70

24801,3.03,0.00,70,3.06,21.06,70

24820,3.03,0.00,70,3.06,21.06,70

24837,3.03,0.00,70,3.06,21.05,70

24851,3.03,0.00,70,3.06,21.05,70

24870,3.03,0.00,70,3.06,21.05,70

24887,3.03,0.00,70,3.06,21.05,70

24901,3.03,0.00,70,3.06,21.05,70

24920,3.03,0.00,70,3.06,21.05,70

24933,3.03,0.00,70,3.06,21.05,70

24951,3.03,0.00,70,3.06,21.05,70

24970,3.03,0.00,70,3.06,21.05,70

24984,3.03,0.00,70,3.06,21.04,70

25001,3.03,0.00,70,3.06,21.04,70

25020,3.03,0.00,70,3.06,21.04,70

25034,3.03,0.00,70,3.06,21.04,70

25052,3.03,0.00,70,3.06,21.04,70

25070,3.03,0.00,70,3.06,21.03,70

25087,3.48,0.00,70,3.06,21.03,70

25100,3.48,0.00,70,3.06,21.03,70

25120,3.48,0.00,70,3.06,21.03,70

25137,3.48,0.00,70,3.06,21.03,70

25150,3.48,0.00,70,3.06,21.03,70

25170,3.48,0.00,70,3.06,21.03,70

25185,3.48,0.00,70,3.06,21.03,70

25204,3.48,0.00,70,3.06,21.03,70

25220,3.48,0.00,70,3.06,21.03,70

25234,3.48,0.00,70,3.06,21.02,70

25251,3.48,0.00,70,3.06,21.02,70

25270,3.48,0.00,70,3.06,21.02,70

25284,3.48,0.00,70,3.06,21.02,70

25302,3.48,0.00,70,3.06,21.01,70

25320,3.48,0.00,70,3.06,21.01,70

25335,3.48,0.00,70,3.06,21.01,70

25353,3.48,0.00,70,3.06,21.01,70

25370,3.48,0.00,70,3.06,21.01,70

25385,3.48,0.00,70,3.06,21.01,70

25401,3.48,0.00,70,3.06,21.01,70

25420,3.48,0.00,70,3.06,21.01,70

25435,3.48,0.00,70,3.06,21.01,70

25453,3.48,0.00,70,3.06,21.01,70

25470,3.48,0.00,70,3.06,21.00,70

25483,3.48,0.00,70,3.06,21.00,70

25502,3.48,0.00,70,3.06,21.00,70

25520,3.48,0.00,70,3.06,21.00,70

25537,3.48,0.00,70,3.06,21.00,70

25551,3.48,0.00,70,3.06,20.99,70

25571,3.48,0.00,70,3.06,20.99,70

25584,3.48,0.00,70,2.69,20.99,70

25601,3.48,0.00,70,2.69,20.99,70

25621,3.48,0.00,70,2.69,24.76,70

25634,3.48,0.00,70,2.69,24.76,70

25652,3.48,0.00,70,2.69,24.76,70

25671,3.48,0.00,70,2.69,24.76,70

25684,3.48,0.00,70,2.69,24.76,70

25703,3.48,0.00,70,2.69,24.79,70

25720,3.48,0.00,70,2.69,24.79,70

25736,3.48,0.00,70,2.69,24.79,70

25751,3.48,0.00,70,2.69,24.79,70

25770,3.48,0.00,70,2.69,24.79,70

25784,3.48,0.00,70,2.69,24.82,70

25801,3.48,0.00,70,2.69,24.82,70

25820,3.06,0.00,70,2.69,24.82,70

25834,3.06,0.00,70,2.69,24.82,70

25853,3.06,0.00,70,2.69,24.82,70

25870,3.06,0.00,70,2.69,24.85,70

25887,3.06,0.00,70,2.69,24.85,70

25901,3.06,0.00,70,2.69,24.85,70

25920,3.06,0.00,70,2.69,24.85,70

25935,3.06,0.00,70,2.69,24.85,70

25951,3.06,0.00,70,2.69,24.88,70

25967,3.06,0.00,70,2.69,24.88,70

25985,3.06,0.00,70,2.69,24.88,70

26004,3.06,0.00,70,2.69,24.88,70

26020,3.06,0.00,70,2.69,24.88,70

26035,3.06,0.00,70,2.69,24.91,70

26052,3.06,0.00,70,2.69,24.91,70

26070,3.06,0.00,70,2.69,24.91,70

26086,3.06,0.00,70,2.69,24.91,70

26101,3.06,0.00,70,2.69,24.91,70

26120,3.06,0.00,70,2.69,24.94,70

26135,3.06,0.00,70,2.69,24.94,70

26152,3.06,0.00,70,2.69,24.94,70

26170,3.06,0.00,70,2.69,24.94,70

26184,3.06,0.00,70,2.69,24.97,70

26202,3.06,0.00,70,2.69,24.97,70

26221,3.06,0.00,70,2.69,24.97,70

26236,3.06,0.00,70,2.69,24.97,70

26251,3.06,0.00,70,2.69,24.97,70

26270,3.06,0.00,70,2.69,25.00,70

26285,3.06,0.00,70,2.69,25.00,70

26304,3.06,0.00,70,2.69,25.00,70

26318,3.06,0.00,70,2.69,25.00,70

26334,3.06,0.00,70,2.69,25.00,70

26354,3.06,0.00,70,2.69,25.03,70

26370,3.06,0.00,70,2.69,25.03,70

26387,3.06,0.00,70,2.69,25.03,70

26403,3.06,0.00,70,2.69,25.03,70

26420,3.06,0.00,70,2.72,25.03,70

26434,3.06,0.00,70,2.72,24.83,70

26453,3.06,0.00,70,2.72,24.83,70

26470,3.06,0.00,70,2.72,24.83,70

26483,3.06,0.00,70,2.72,24.83,70

26504,3.06,0.00,70,2.72,24.85,70

26520,3.06,0.00,70,2.72,24.85,70

26535,3.06,0.00,70,2.72,24.85,70

26551,3.06,0.00,70,2.72,24.85,70

26570,3.06,0.00,70,2.72,24.85,70

26587,3.06,0.00,70,2.72,24.88,70

26601,3.06,0.00,70,2.72,24.88,70

26620,3.06,0.00,70,2.72,24.88,70

26635,3.06,0.00,70,2.72,24.88,70

26653,3.06,0.00,70,2.72,24.88,70

26670,3.06,0.00,70,2.72,24.91,70

26685,3.06,0.00,70,2.72,24.91,70

26702,3.06,0.00,70,2.72,24.91,70

26721,3.06,0.00,70,2.72,24.91,70

26736,3.06,0.00,70,2.72,24.91,70

26752,3.06,0.00,70,2.72,24.94,70

26770,3.06,0.00,70,2.72,24.94,70

26786,3.06,0.00,70,2.72,24.94,70

26802,3.06,0.00,70,2.72,24.94,70

26820,3.06,0.00,70,2.72,24.97,70

26835,2.21,0.00,70,2.72,24.97,70

26852,2.21,0.00,70,2.72,24.97,70

26870,2.21,0.00,70,2.72,24.97,70

26887,2.21,0.00,70,2.72,24.97,70

26904,2.21,0.00,70,2.72,25.00,70

26920,2.21,0.00,70,2.72,25.00,70

26935,2.21,0.00,70,2.72,25.00,70

26952,2.21,0.00,70,2.72,25.00,70

26970,2.21,0.00,70,2.72,25.00,70

26985,2.21,0.00,70,2.72,25.03,70

27003,2.21,0.00,70,2.72,25.03,70

27020,2.21,0.00,70,2.72,25.03,70

27034,2.21,0.00,70,2.72,25.03,70

27051,2.21,0.00,70,2.72,25.03,70

27071,2.21,0.00,70,2.72,25.05,70

27085,2.21,0.00,70,2.72,25.05,70

27104,2.21,0.00,70,2.72,25.05,70

27120,2.21,0.00,70,2.72,25.05,70

27134,2.21,0.00,70,3.03,21.86,70

27153,2.21,0.00,70,3.03,21.86,70

27167,2.21,0.00,70,3.03,21.86,70

27185,2.21,0.00,70,3.03,21.86,70

27201,2.21,0.00,70,3.03,21.86,70

27220,2.21,0.00,70,3.03,21.85,70

27235,2.21,0.00,70,3.03,21.85,70

27252,2.21,0.00,70,3.03,21.85,70

27268,2.21,0.00,70,3.03,21.85,70

27284,2.21,0.00,70,3.03,21.85,70

27305,2.21,0.00,70,3.03,21.85,70

27320,2.21,0.00,70,3.03,21.85,70

27335,2.21,0.00,70,3.03,21.85,70

27354,2.21,0.00,70,3.03,21.85,70

27368,2.21,0.00,70,3.03,21.85,70

27386,2.21,0.00,70,3.03,21.85,70

27401,2.21,0.00,70,3.03,21.85,70

27421,2.21,0.00,70,3.03,21.85,70

27435,2.21,0.00,70,3.03,21.85,70

27451,2.21,0.00,70,3.03,21.84,70

27470,2.21,0.00,70,3.03,21.84,70

27485,2.21,0.00,70,3.03,21.84,70

27502,2.21,0.00,70,3.03,21.84,70

27520,2.21,0.00,70,3.03,21.84,70

27537,2.21,0.00,70,3.03,21.84,70

27553,2.21,0.00,70,3.03,21.84,70

27570,2.21,0.00,70,3.03,21.84,70

27584,2.21,0.00,70,3.03,21.84,70

27604,2.21,0.00,70,3.03,21.84,70

27620,2.87,0.00,70,3.03,21.84,70

27634,2.87,0.00,70,3.03,21.84,70

27653,2.87,0.00,70,3.03,21.84,70

27667,2.87,0.00,70,3.03,21.84,70

27687,2.87,0.00,70,3.03,21.84,70

27701,2.87,0.00,70,3.03,21.83,70

27720,2.87,0.00,70,3.03,21.83,70

27734,2.87,0.00,70,3.03,21.83,70

27750,2.87,0.00,70,3.03,21.83,70

27770,2.87,0.00,70,3.03,21.83,70

27784,2.87,0.00,70,3.03,21.83,70

27804,2.87,0.00,70,3.03,21.83,70

27817,2.87,0.00,70,3.03,21.83,70

27835,2.87,0.00,70,3.03,21.83,70

27850,2.87,0.00,70,3.03,21.82,70

27870,2.87,0.00,70,3.10,21.82,70

27885,2.87,0.00,70,3.10,21.82,70

27900,2.87,0.00,70,3.10,21.82,70

27921,2.87,0.00,70,3.10,21.82,70

27933,2.87,0.00,70,3.10,21.21,70

27951,2.87,0.00,70,3.10,21.21,70

27967,2.87,0.00,70,3.10,21.21,70

27984,2.87,0.00,70,3.10,21.21,70

28001,2.87,0.00,70,3.10,21.21,70

28020,2.87,0.00,70,3.10,21.20,70

28035,2.87,0.00,70,3.10,21.20,70

28051,2.87,0.00,70,3.10,21.20,70

28070,2.87,0.00,70,3.10,21.20,70

28085,2.87,0.00,70,3.10,21.19,70

28101,2.87,0.00,70,3.10,21.19,70

28120,2.87,0.00,70,3.10,21.19,70

28135,2.87,0.00,70,3.10,21.19,70

28152,2.87,0.00,70,3.10,21.19,70

28170,2.87,0.00,70,3.10,21.18,70

28187,2.87,0.00,70,3.10,21.18,70

28201,2.87,0.00,70,3.10,21.18,70

28221,2.87,0.00,70,3.10,21.18,70

28234,2.87,0.00,70,3.10,21.18,70

28251,2.87,0.00,70,3.10,21.17,70

28271,3.48,0.00,70,3.10,21.17,70

28285,3.48,0.00,70,3.10,21.17,70

28303,3.48,0.00,70,3.10,21.17,70

28319,3.48,0.00,70,3.10,21.17,70

28335,3.48,0.00,70,3.10,21.16,70

28350,3.48,0.00,70,3.10,21.16,70

28370,3.48,0.00,70,3.10,21.16,70

28384,3.48,0.00,70,3.10,21.16,70

28402,3.48,0.00,70,3.10,21.15,70

28420,3.48,0.00,70,3.10,21.15,70

28435,3.48,0.00,70,3.10,21.15,70

28454,3.48,0.00,70,3.10,21.15,70

28468,3.48,0.00,70,3.10,21.15,70

28484,3.48,0.00,70,3.10,21.14,70

