0,KpA,KiA,KdA,setpointA,FEEDFWDA,KpB,KiB,KdB,setpointB,FEEDFWDB

19,1.00,0.00,0.00,1.50,60,1.00,0.00,0.00,1.50,60

35,inputA,outputA,a_adjust,inputB,outputB,b_adjust

49,0.00,1.50,60,0.00,1.50,60

66,0.00,1.50,60,0.00,1.50,60

86,0.00,1.50,60,0.00,1.50,60

100,0.00,1.50,60,0.00,1.50,60

117,KpA,KiA,KdA,setpointA,FEEDFWDA,KpB,KiB,KdB,setpointB,FEEDFWDB

134,10.00,0.00,0.00,1.50,60,10.00,0.00,0.00,1.50,60

149,inputA,outputA,a_adjust,inputB,outputB,b_adjust

166,KpA,KiA,KdA,setpointA,FEEDFWDA,KpB,KiB,KdB,setpointB,FEEDFWDB

187,10.00,20.00,0.00,1.50,60,10.00,20.00,0.00,1.50,60

199,inputA,outputA,a_adjust,inputB,outputB,b_adjust

217,KpA,KiA,KdA,setpointA,FEEDFWDA,KpB,KiB,KdB,setpointB,FEEDFWDB

234,10.00,20.00,0.00,1.50,60,10.00,20.00,0.00,1.50,60

252,inputA,outputA,a_adjust,inputB,outputB,b_adjust

269,KpA,KiA,KdA,setpointA,FEEDFWDA,KpB,KiB,KdB,setpointB,FEEDFWDB

283,10.00,20.00,0.00,1.50,60,10.00,20.00,0.00,3.00,60

301,inputA,outputA,a_adjust,inputB,outputB,b_adjust

316,0.00,1.50,60,0.00,1.50,60

335,0.00,16.80,60,0.00,32.10,60

350,0.00,16.80,60,0.00,32.10,60

368,0.00,16.80,60,0.00,32.10,60

383,0.00,16.80,60,0.00,32.10,60

400,0.00,16.80,60,0.00,32.10,60

419,0.00,17.10,60,0.00,32.70,60

434,0.00,17.10,60,0.00,32.70,60

450,0.00,17.10,60,0.00,32.70,60

467,0.00,17.10,60,0.00,32.70,60

484,0.00,17.40,60,0.00,33.30,60

502,0.00,17.40,60,0.00,33.30,60

516,0.00,17.40,60,0.00,33.30,60

533,0.00,17.40,60,0.00,33.30,60

552,0.00,17.40,60,0.00,33.30,60

569,0.00,17.70,60,0.00,33.90,60

584,0.00,17.70,60,0.00,33.90,60

602,0.00,17.70,60,0.00,33.90,60

619,0.00,17.70,60,0.00,33.90,60

636,0.00,17.70,60,0.00,33.90,60

651,0.00,18.00,60,0.00,34.50,60

666,0.00,18.00,60,0.00,34.50,60

684,0.00,18.00,60,0.00,34.50,60

703,0.00,18.00,60,0.00,34.50,60

716,0.00,18.30,60,0.00,35.10,60

735,0.00,18.30,60,0.00,35.10,60

750,0.00,18.30,60,0.00,35.10,60

768,0.00,18.30,60,0.00,35.10,60

783,0.00,18.30,60,0.00,35.10,60

801,0.00,18.60,60,0.00,35.70,60

820,0.00,18.60,60,0.00,35.70,60

833,0.00,18.60,60,0.00,35.70,60

853,0.00,18.60,60,0.00,35.70,60

867,0.00,18.60,60,0.00,35.70,60

884,0.00,18.90,60,0.00,36.30,60

899,0.00,18.90,60,0.00,36.30,60

919,0.00,18.90,60,0.00,36.30,60

935,0.00,18.90,60,0.00,36.30,60

950,0.00,18.90,60,0.00,36.30,60

968,0.00,19.20,60,0.00,36.90,60

986,0.00,19.20,60,0.00,36.90,60

999,0.00,19.20,60,0.00,36.90,60

1017,0.00,19.20,60,0.00,36.90,60

1036,0.00,19.50,60,0.00,37.50,60

1053,0.00,19.50,60,0.00,37.50,60

1067,0.00,19.50,60,0.00,37.50,60

1085,0.00,19.50,60,0.00,37.50,60

1101,0.00,19.50,60,0.00,37.50,60

1117,0.00,19.80,60,0.00,38.10,60

1134,0.00,19.80,60,0.00,38.10,60

1152,0.00,19.80,60,0.00,38.10,60

1166,0.00,19.80,60,0.00,38.10,60

1184,0.00,20.10,60,0.00,38.70,60

1200,0.00,20.10,60,0.00,38.70,60

1219,0.00,20.10,60,0.00,38.70,60

1233,0.00,20.10,60,0.00,38.70,60

1252,0.00,20.10,60,0.00,38.70,60

1269,0.00,20.40,60,0.00,39.30,60

1284,0.00,20.40,60,0.00,39.30,60

1300,0.00,20.40,60,0.00,39.30,60

1317,0.00,20.40,60,0.00,39.30,60

1336,0.00,20.70,60,0.00,39.90,60

1350,0.00,20.70,60,0.00,39.90,60

1367,0.00,20.70,60,0.00,39.90,60

1385,0.00,20.70,60,0.00,39.90,60

1399,0.00,20.70,60,0.00,39.90,60

1418,0.00,21.00,60,0.00,40.50,60

1434,0.00,21.00,60,0.00,40.50,60

1450,0.00,21.00,60,0.00,40.50,60

1468,0.00,21.00,60,0.00,40.50,60

1485,0.00,21.00,60,0.00,40.50,60

1500,0.00,21.30,60,0.00,41.10,60

1520,0.00,21.30,60,0.00,41.10,60

1535,0.00,21.30,60,0.00,41.10,60

1550,0.00,21.30,60,0.00,41.10,60

1569,0.00,21.30,60,0.00,41.10,60

1585,0.00,21.60,60,0.00,41.70,60

1600,0.00,21.60,60,0.00,41.70,60

1616,0.00,21.60,60,0.00,41.70,60

1636,0.00,21.60,60,0.00,41.70,60

1649,0.00,21.90,60,0.00,42.30,60

1667,0.00,21.90,60,0.00,42.30,60

1685,0.00,21.90,60,0.00,42.30,60

1701,0.00,21.90,60,0.00,42.30,60

1716,0.00,21.90,60,0.00,42.30,60

1736,0.00,22.20,60,0.00,42.90,60

1752,0.00,22.20,60,0.00,42.90,60

1769,0.00,22.20,60,0.00,42.90,60

1784,0.00,22.20,60,0.00,42.90,60

1799,0.00,22.50,60,0.00,43.50,60

1817,0.00,22.50,60,0.00,43.50,60

1836,0.00,22.50,60,0.00,43.50,60

1853,0.00,22.50,60,0.00,43.50,60

1866,0.00,22.50,60,0.00,43.50,60

1886,0.00,22.80,60,0.00,44.10,60

1900,0.00,22.80,60,0.00,44.10,60

1917,0.00,22.80,60,0.00,44.10,60

1935,0.00,22.80,60,0.00,44.10,60

1949,0.00,23.10,60,0.00,44.70,60

1969,0.00,23.10,60,1.01,44.70,60

1984,0.00,23.10,60,1.01,44.70,60

2002,0.00,23.10,60,1.01,44.70,60

2018,0.00,23.10,60,1.01,44.70,60

2036,0.00,23.40,60,1.01,34.98,60

2050,0.00,23.40,60,1.01,34.98,60

2070,0.00,23.40,60,1.01,34.98,60

2085,0.00,23.40,60,1.01,34.98,60

2101,0.00,23.40,60,1.01,34.98,60

2120,0.00,23.70,60,1.01,35.38,60

2135,0.00,23.70,60,1.01,35.38,60

2151,0.00,23.70,60,1.01,35.38,60

2169,0.00,23.70,60,1.01,35.38,60

2184,0.00,23.70,60,1.01,35.38,60

2202,0.00,24.00,60,1.01,35.78,60

2218,0.00,24.00,60,1.01,35.78,60

2235,0.00,24.00,60,1.01,35.78,60

2250,0.00,24.00,60,1.01,35.78,60

2269,0.00,24.30,60,1.01,36.18,60

2285,0.00,24.30,60,1.01,36.18,60

2300,0.88,24.30,60,1.01,36.18,60

2316,0.88,24.30,60,1.01,36.18,60

2335,0.88,24.30,60,1.01,36.18,60

2350,0.88,15.61,60,1.01,36.57,60

2368,0.88,15.61,60,1.01,36.57,60

2384,0.88,15.61,60,1.01,36.57,60

2403,0.88,15.61,60,1.01,36.57,60

2417,0.88,15.73,60,1.01,36.97,60

2434,0.88,15.73,60,1.01,36.97,60

2452,0.88,15.73,60,1.01,36.97,60

2468,0.88,15.73,60,1.01,36.97,60

2485,0.88,15.73,60,1.01,36.97,60

2501,0.88,15.85,60,1.01,37.37,60

2517,0.88,15.85,60,1.01,37.37,60

2535,0.88,15.85,60,1.01,37.37,60

2553,0.88,15.85,60,1.01,37.37,60

2566,0.88,15.98,60,1.01,37.77,60

2585,0.88,15.98,60,1.01,37.77,60

2602,0.88,15.98,60,1.01,37.77,60

2618,0.88,15.98,60,1.01,37.77,60

2634,0.88,16.10,60,1.01,37.77,60

2650,0.88,16.10,60,1.01,38.16,60

2669,0.88,16.10,60,1.01,38.16,60

2685,0.88,16.10,60,1.01,38.16,60

2702,0.88,16.10,60,1.01,38.16,60

2717,0.88,16.22,60,1.01,38.56,60

2736,0.88,16.22,60,1.01,38.56,60

2751,0.88,16.22,60,1.01,38.56,60

2767,0.88,16.22,60,1.01,38.56,60

2786,0.88,16.35,60,1.01,38.56,60

2800,0.88,16.35,60,1.01,38.96,60

2816,0.88,16.35,60,1.01,38.96,60

2836,0.88,16.35,60,1.01,38.96,60

2853,0.88,16.47,60,1.01,38.96,60

2866,0.88,16.47,60,1.01,39.36,60

2886,0.88,16.47,60,1.01,39.36,60

2902,0.88,16.47,60,1.01,39.36,60

2916,0.88,16.47,60,1.01,39.36,60

2934,0.88,16.59,60,1.01,39.75,60

2951,0.88,16.59,60,1.01,39.75,60

2968,0.88,16.59,60,1.01,39.75,60

2984,0.88,16.59,60,1.01,39.75,60

3001,0.88,16.59,60,1.01,39.75,60

3019,0.88,16.72,60,1.01,40.15,60

3034,0.88,16.72,60,1.01,40.15,60

3051,0.88,16.72,60,1.01,40.15,60

3067,0.88,16.72,60,1.01,40.15,60

3085,0.88,16.84,60,1.01,40.55,60

3101,0.88,16.84,60,1.01,40.55,60

3120,0.88,16.84,60,1.01,40.55,60

3134,0.88,16.84,60,1.01,40.55,60

3150,0.88,16.97,60,1.01,40.95,60

3168,0.88,16.97,60,1.01,40.95,60

3186,0.88,16.97,60,1.01,40.95,60

3200,0.88,16.97,60,1.01,40.95,60

3218,0.88,16.97,60,1.01,40.95,60

3235,0.88,17.09,60,1.01,41.35,60

3252,0.88,17.09,60,1.01,41.35,60

3266,0.88,17.09,60,1.01,41.35,60

3284,0.88,17.09,60,1.01,41.35,60

3299,0.88,17.21,60,1.66,41.35,60

3320,0.88,17.21,60,1.66,35.18,60

3335,0.88,17.21,60,1.66,35.18,60

3353,0.88,17.21,60,1.66,35.18,60

3367,0.88,17.21,60,1.66,35.18,60

3385,0.88,17.34,60,1.66,35.18,60

3400,0.88,17.34,60,1.66,35.45,60

3418,0.88,17.34,60,1.66,35.45,60

3435,0.88,17.34,60,1.66,35.45,60

3451,0.88,17.46,60,1.66,35.45,60

3469,0.88,17.46,60,1.66,35.72,60

3485,0.88,17.46,60,1.66,35.72,60

3500,0.88,17.46,60,1.66,35.72,60

3519,0.88,17.46,60,1.66,35.72,60

3536,0.88,17.58,60,1.66,35.72,60

3550,0.88,17.58,60,1.66,35.98,60

3570,0.88,17.58,60,1.66,35.98,60

3585,0.88,17.58,60,1.66,35.98,60

3603,0.88,17.71,60,1.66,35.98,60

3617,0.88,17.71,60,1.66,35.98,60

3635,0.88,17.71,60,1.66,36.25,60

3651,0.88,17.71,60,1.66,36.25,60

3666,1.59,17.71,60,1.66,36.25,60

3685,1.59,10.63,60,1.66,36.25,60

3701,1.59,10.63,60,1.66,36.52,60

3720,1.59,10.63,60,1.66,36.52,60

3735,1.59,10.63,60,1.66,36.52,60

3750,1.59,10.62,60,1.66,36.52,60

3766,1.59,10.62,60,1.66,36.79,60

3785,1.59,10.62,60,1.66,36.79,60

3803,1.59,10.62,60,1.66,36.79,60

3817,1.59,10.62,60,1.66,36.79,60

3835,1.59,10.60,60,1.66,36.79,60

3852,1.59,10.60,60,1.66,37.06,60

3866,1.59,10.60,60,1.66,37.06,60

3887,1.59,10.60,60,1.66,37.06,60

3902,1.59,10.60,60,1.66,37.06,60

3916,1.59,10.58,60,1.66,37.33,60

3936,1.59,10.58,60,1.66,37.33,60

3949,1.59,10.58,60,1.66,37.33,60

3967,1.59,10.58,60,1.66,37.33,60

3985,1.59,10.58,60,1.66,37.33,60

4000,1.59,10.57,60,1.66,37.60,60

4019,1.59,10.57,60,1.66,37.60,60

4035,1.59,10.57,60,1.66,37.60,60

4053,1.59,10.57,60,1.66,37.60,60

4069,1.59,10.55,60,1.66,37.87,60

4085,1.59,10.55,60,1.66,37.87,60

4100,1.59,10.55,60,1.66,37.87,60

4119,1.59,10.55,60,1.66,37.87,60

4135,1.59,10.55,60,1.66,37.87,60

4150,1.59,10.53,60,1.66,38.14,60

4168,1.59,10.53,60,1.66,38.14,60

4185,1.59,10.53,60,1.66,38.14,60

4200,1.59,10.53,60,1.66,38.14,60

4220,1.59,10.51,60,1.66,38.41,60

4235,1.59,10.51,60,2.28,38.41,60

4250,1.59,10.51,60,2.28,38.41,60

4268,1.59,10.51,60,2.28,38.41,60

4285,1.59,10.51,60,2.28,38.41,60

4301,1.59,10.50,60,2.28,32.34,60

4318,1.59,10.50,60,2.28,32.34,60

4336,1.59,10.50,60,2.28,32.34,60

4352,1.59,10.50,60,2.28,32.34,60

4367,1.59,10.48,60,2.28,32.49,60

4386,1.59,10.48,60,2.28,32.49,60

4400,1.59,10.48,60,2.28,32.49,60

4416,1.59,10.48,60,2.28,32.49,60

4436,1.59,10.48,60,2.28,32.49,60

4451,1.59,10.46,60,2.28,32.63,60

4469,1.59,10.46,60,2.28,32.63,60

4485,1.59,10.46,60,2.28,32.63,60

4501,1.59,10.46,60,2.28,32.63,60

4520,1.59,10.46,60,2.28,32.63,60

4535,1.59,10.44,60,2.28,32.78,60

4552,1.59,10.44,60,2.28,32.78,60

4568,1.59,10.44,60,2.28,32.78,60

4585,1.59,10.44,60,2.28,32.78,60

4602,1.59,10.44,60,2.28,32.78,60

4619,1.59,10.43,60,2.28,32.92,60

4635,1.59,10.43,60,2.28,32.92,60

4652,1.59,10.43,60,2.28,32.92,60

4667,1.59,10.43,60,2.28,32.92,60

4686,1.59,10.41,60,2.28,33.07,60

4700,1.59,10.41,60,2.28,33.07,60

4719,1.59,10.41,60,2.28,33.07,60

4735,1.59,10.41,60,2.28,33.07,60

4750,1.59,10.41,60,2.28,33.07,60

4767,1.59,10.39,60,2.28,33.21,60

4785,1.59,10.39,60,2.28,33.21,60

4803,1.59,10.39,60,2.28,33.21,60

4819,1.59,10.39,60,2.28,33.21,60

4835,1.59,10.37,60,2.28,33.36,60

4852,1.59,10.37,60,2.28,33.36,60

4866,1.59,10.37,60,2.28,33.36,60

4886,1.59,10.37,60,2.28,33.36,60

4901,1.59,10.37,60,2.28,33.36,60

4918,1.59,10.36,60,2.28,33.50,60

4935,1.59,10.36,60,2.28,33.50,60

4950,1.68,10.36,60,2.28,33.50,60

4966,1.68,10.36,60,2.28,33.50,60

4983,1.68,9.37,60,2.28,33.65,60

4999,1.68,9.37,60,2.81,33.65,60

5017,1.68,9.37,60,2.81,33.65,60

5035,1.68,9.37,60,2.81,33.65,60

5053,1.68,9.37,60,2.81,33.65,60

5066,1.68,9.33,60,2.81,28.30,60

5085,1.68,9.33,60,2.81,28.30,60

5103,1.68,9.33,60,2.81,28.30,60

5117,1.68,9.33,60,2.81,28.30,60

5136,1.68,9.33,60,2.81,28.30,60

5150,1.68,9.30,60,2.81,28.34,60

5168,1.68,9.30,60,2.81,28.34,60

5185,1.68,9.30,60,2.81,28.34,60

5201,1.68,9.30,60,2.81,28.34,60

5216,1.68,9.26,60,2.81,28.38,60

5235,1.68,9.26,60,2.81,28.38,60

5251,1.68,9.26,60,2.81,28.38,60

5269,1.68,9.26,60,2.81,28.38,60

5285,1.68,9.26,60,2.81,28.38,60

5300,1.68,9.22,60,2.81,28.42,60

5319,1.68,9.22,60,2.81,28.42,60

5335,1.68,9.22,60,2.81,28.42,60

5351,1.68,9.22,60,2.81,28.42,60

5367,1.68,9.22,60,2.81,28.42,60

5387,1.68,9.19,60,2.81,28.45,60

5401,1.68,9.19,60,2.81,28.45,60

5418,1.68,9.19,60,2.81,28.45,60

5435,1.68,9.19,60,2.81,28.45,60

5450,1.68,9.19,60,2.81,28.45,60

5467,1.68,9.15,60,2.81,28.49,60

5485,1.68,9.15,60,2.81,28.49,60

5503,1.68,9.15,60,2.81,28.49,60

5519,1.68,9.15,60,2.81,28.49,60

5535,1.68,9.15,60,2.81,28.49,60

5550,1.68,9.12,60,2.81,28.53,60

5569,1.68,9.12,60,2.81,28.53,60

5585,1.68,9.12,60,2.81,28.53,60

5602,1.68,9.12,60,2.81,28.53,60

5619,1.68,9.12,60,2.81,28.53,60

5634,1.68,9.08,60,2.81,28.56,60

5653,1.68,9.08,60,2.81,28.56,60

5669,1.68,9.08,60,2.81,28.56,60

5684,1.68,9.08,60,2.81,28.56,60

5700,1.68,9.08,60,2.81,28.56,60

5720,1.68,9.04,60,2.81,28.60,60

5735,1.68,9.04,60,2.81,28.60,60

5753,1.68,9.04,60,2.81,28.60,60

5768,1.68,9.04,60,2.81,28.60,60

5785,1.68,9.04,60,2.81,28.60,60

5801,1.68,9.01,60,2.81,28.64,60

5817,1.68,9.01,60,2.81,28.64,60

5835,1.68,9.01,60,2.81,28.64,60

5851,1.68,9.01,60,2.81,28.64,60

5866,1.68,8.97,60,2.81,28.68,60

5884,1.68,8.97,60,2.81,28.68,60

5903,1.68,8.97,60,2.81,28.68,60

5918,1.68,8.97,60,2.81,28.68,60

5935,1.68,8.97,60,2.81,28.68,60

5949,1.68,8.93,60,2.81,28.71,60

5967,1.68,8.93,60,2.81,28.71,60

5985,1.68,8.93,60,2.81,28.71,60

6000,1.68,8.93,60,2.81,28.71,60

6017,1.68,8.93,60,2.81,28.71,60

6035,1.68,8.90,60,2.81,28.75,60

6050,1.68,8.90,60,2.81,28.75,60

6068,1.68,8.90,60,2.81,28.75,60

6085,1.68,8.90,60,2.81,28.75,60

6100,1.68,8.90,60,2.81,28.75,60

6117,1.68,8.86,60,2.81,28.79,60

6135,1.68,8.86,60,2.81,28.79,60

6150,1.68,8.86,60,2.81,28.79,60

6166,1.68,8.86,60,2.81,28.79,60

6184,1.68,8.82,60,2.81,28.83,60

6200,1.68,8.82,60,2.81,28.83,60

6219,1.68,8.82,60,2.81,28.83,60

6235,1.68,8.82,60,2.81,28.83,60

6253,1.68,8.82,60,2.81,28.83,60

6268,1.68,8.79,60,2.81,28.86,60

6285,1.68,8.79,60,2.81,28.86,60

6300,1.68,8.79,60,1.76,28.86,60

6317,1.65,8.79,60,1.76,28.86,60

6336,1.65,8.79,60,1.76,28.86,60

6351,1.65,9.12,60,1.76,39.66,60

6367,1.65,9.12,60,1.76,39.66,60

6386,1.65,9.12,60,1.76,39.66,60

6400,1.65,9.12,60,1.76,39.66,60

6416,1.65,9.12,60,1.76,39.66,60

6435,1.65,9.09,60,1.76,39.91,60

6453,1.65,9.09,60,1.76,39.91,60

6467,1.65,9.09,60,1.76,39.91,60

6485,1.65,9.09,60,1.76,39.91,60

6500,1.65,9.06,60,1.76,40.16,60

6519,1.65,9.06,60,1.76,40.16,60

6535,1.65,9.06,60,1.76,40.16,60

6553,1.65,9.06,60,1.76,40.16,60

6568,1.65,9.06,60,1.76,40.16,60

6585,1.65,9.03,60,1.76,40.41,60

6603,1.65,9.03,60,1.76,40.41,60

6619,1.65,9.03,60,1.76,40.41,60

6635,1.65,9.03,60,1.76,40.41,60

6651,1.65,9.03,60,1.76,40.41,60

6669,1.65,9.00,60,1.76,40.66,60

6684,1.65,9.00,60,1.76,40.66,60

6702,1.65,9.00,60,1.76,40.66,60

6716,1.65,9.00,60,1.76,40.66,60

6735,1.65,9.00,60,1.76,40.66,60

6752,1.65,8.97,60,1.76,40.90,60

6767,1.65,8.97,60,1.76,40.90,60

6785,1.65,8.97,60,1.76,40.90,60

6801,1.65,8.97,60,1.76,40.90,60

6819,1.65,8.94,60,1.76,41.15,60

6835,1.65,8.94,60,1.76,41.15,60

6853,1.65,8.94,60,1.76,41.15,60

6867,1.65,8.94,60,1.76,41.15,60

6884,1.65,8.94,60,1.76,41.15,60

6903,1.65,8.91,60,1.76,41.40,60

6917,1.65,8.91,60,1.76,41.40,60

6934,1.65,8.91,60,1.76,41.40,60

6953,1.65,8.91,60,1.76,41.40,60

6968,1.65,8.91,60,1.76,41.40,60

6985,1.65,8.88,60,1.76,41.65,60

7002,1.65,8.88,60,1.76,41.65,60

7018,1.65,8.88,60,1.76,41.65,60

7035,1.65,8.88,60,1.76,41.65,60

7051,1.65,8.88,60,1.76,41.65,60

7068,1.65,8.85,60,1.76,41.90,60

7085,1.65,8.85,60,1.76,41.90,60

7100,1.65,8.85,60,1.76,41.90,60

7116,1.65,8.85,60,1.76,41.90,60

7135,1.65,8.85,60,1.76,41.90,60

7152,1.65,8.82,60,1.76,42.15,60

7167,1.65,8.82,60,1.76,42.15,60

7185,1.65,8.82,60,1.76,42.15,60

7200,1.65,8.82,60,1.76,42.15,60

7219,1.65,8.82,60,1.76,42.15,60

7235,1.65,8.79,60,1.76,42.39,60

7251,1.65,8.79,60,1.76,42.39,60

7268,1.65,8.79,60,1.76,42.39,60

7285,1.65,8.79,60,1.76,42.39,60

7301,1.65,8.79,60,1.76,42.39,60

7317,1.65,8.76,60,1.76,42.64,60

7335,1.65,8.76,60,1.76,42.64,60

7352,1.65,8.76,60,1.76,42.64,60

7366,1.65,8.76,60,1.76,42.64,60

7385,1.65,8.74,60,1.76,42.89,60

7400,1.65,8.74,60,1.76,42.89,60

7417,1.65,8.74,60,1.76,42.89,60

7435,1.65,8.74,60,1.76,42.89,60

7451,1.65,8.74,60,1.92,42.89,60

7467,1.65,8.71,60,1.92,41.47,60

7486,1.65,8.71,60,1.92,41.47,60

7500,1.65,8.71,60,1.92,41.47,60

7517,1.65,8.71,60,1.92,41.47,60

7533,1.65,8.71,60,1.92,41.47,60

7551,1.65,8.68,60,1.92,41.68,60

7569,1.65,8.68,60,1.92,41.68,60

7585,1.65,8.68,60,1.92,41.68,60

7600,1.65,8.68,60,1.92,41.68,60

7617,1.65,8.68,60,1.92,41.68,60

7636,1.65,8.65,60,1.92,41.90,60

7649,1.67,8.65,60,1.92,41.90,60

7670,1.67,8.65,60,1.92,41.90,60

7686,1.67,8.65,60,1.92,41.90,60

7701,1.67,8.35,60,1.92,42.11,60

7716,1.67,8.35,60,1.92,42.11,60

7733,1.67,8.35,60,1.92,42.11,60

7753,1.67,8.35,60,1.92,42.11,60

7767,1.67,8.35,60,1.92,42.11,60

7784,1.67,8.31,60,1.92,42.33,60

7802,1.67,8.31,60,1.92,42.33,60

7816,1.67,8.31,60,1.92,42.33,60

7834,1.67,8.31,60,1.92,42.33,60

7850,1.67,8.31,60,1.92,42.33,60

7867,1.67,8.28,60,1.92,42.54,60

7884,1.67,8.28,60,1.92,42.54,60

7903,1.67,8.28,60,1.92,42.54,60

7919,1.67,8.28,60,1.92,42.54,60

7935,1.67,8.28,60,1.92,42.54,60

7952,1.67,8.24,60,1.92,42.76,60

7967,1.67,8.24,60,1.92,42.76,60

7986,1.67,8.24,60,1.92,42.76,60

8001,1.67,8.24,60,1.92,42.76,60

8018,1.67,8.21,60,1.92,42.98,60

8035,1.67,8.21,60,1.92,42.98,60

8052,1.67,8.21,60,1.92,42.98,60

8067,1.67,8.21,60,1.92,42.98,60

8085,1.67,8.21,60,1.92,42.98,60

8101,1.67,8.17,60,1.92,43.19,60

8116,1.67,8.17,60,1.92,43.19,60

8133,1.67,8.17,60,1.92,43.19,60

8154,1.67,8.17,60,1.92,43.19,60

8168,1.67,8.17,60,1.92,43.19,60

8183,1.67,8.14,60,1.92,43.41,60

8204,1.67,8.14,60,1.92,43.41,60

8218,1.67,8.14,60,1.92,43.41,60

8233,1.67,8.14,60,1.92,43.41,60

8251,1.67,8.14,60,1.92,43.41,60

8266,1.67,8.10,60,1.92,43.62,60

8283,1.67,8.10,60,1.92,43.62,60

8303,1.67,8.10,60,1.92,43.62,60

8317,1.67,8.10,60,1.92,43.62,60

8336,1.67,8.07,60,1.92,43.84,60

8350,1.67,8.07,60,1.92,43.84,60

8366,1.67,8.07,60,1.92,43.84,60

8384,1.67,8.07,60,2.46,43.84,60

8401,1.67,8.07,60,2.46,43.84,60

8417,1.67,8.03,60,2.46,38.61,60

8435,1.67,8.03,60,2.46,38.61,60

8452,1.67,8.03,60,2.46,38.61,60

8469,1.67,8.03,60,2.46,38.61,60

8484,1.67,8.03,60,2.46,38.61,60

8500,1.67,8.00,60,2.46,38.71,60

8518,1.67,8.00,60,2.46,38.71,60

8534,1.67,8.00,60,2.46,38.71,60

8550,1.67,8.00,60,2.46,38.71,60

8567,1.67,8.00,60,2.46,38.71,60

8586,1.67,7.96,60,2.46,38.82,60

8602,1.67,7.96,60,2.46,38.82,60

8618,1.67,7.96,60,2.46,38.82,60

8633,1.67,7.96,60,2.46,38.82,60

8653,1.67,7.93,60,2.46,38.93,60

8668,1.67,7.93,60,2.46,38.93,60

8686,1.67,7.93,60,2.46,38.93,60

8701,1.67,7.93,60,2.46,38.93,60

8717,1.67,7.93,60,2.46,38.93,60

8734,1.67,7.90,60,2.46,39.04,60

8751,1.67,7.90,60,2.46,39.04,60

8767,1.67,7.90,60,2.46,39.04,60

8783,1.67,7.90,60,2.46,39.04,60

8800,1.67,7.90,60,2.46,39.04,60

8817,1.67,7.86,60,2.46,39.15,60

8836,1.92,7.86,60,2.46,39.15,60

8850,1.92,7.86,60,2.46,39.15,60

8870,1.92,7.86,60,2.46,39.15,60

8886,1.92,7.86,60,2.46,39.15,60

8901,1.92,5.28,60,2.46,39.26,60

8916,1.92,5.28,60,2.46,39.26,60

8934,1.92,5.28,60,2.46,39.26,60

8951,1.92,5.28,60,2.46,39.26,60

8968,1.92,5.20,60,2.46,39.37,60

8983,1.92,5.20,60,2.46,39.37,60

9003,1.92,5.20,60,2.46,39.37,60

9017,1.92,5.20,60,2.46,39.37,60

9036,1.92,5.20,60,2.46,39.37,60

9051,1.92,5.11,60,2.46,39.48,60

9070,1.92,5.11,60,2.46,39.48,60

9086,1.92,5.11,60,2.46,39.48,60

9101,1.92,5.11,60,2.46,39.48,60

9118,1.92,5.11,60,2.46,39.48,60

9136,1.92,5.03,60,2.46,39.58,60

9150,1.92,5.03,60,2.46,39.58,60

9169,1.92,5.03,60,2.46,39.58,60

9186,1.92,5.03,60,2.46,39.58,60

9200,1.92,5.03,60,2.46,39.58,60

9218,1.92,4.94,60,2.46,39.69,60

9234,1.92,4.94,60,2.60,39.69,60

9251,1.92,4.94,60,2.60,39.69,60

9267,1.92,4.94,60,2.60,39.69,60

9284,1.92,4.86,60,2.60,38.33,60

9303,1.92,4.86,60,2.60,38.33,60

9320,1.92,4.86,60,2.60,38.33,60

9334,1.92,4.86,60,2.60,38.33,60

9352,1.92,4.86,60,2.60,38.33,60

9368,1.92,4.78,60,2.60,38.41,60

9384,1.92,4.78,60,2.60,38.41,60

9402,1.92,4.78,60,2.60,38.41,60

9420,1.92,4.78,60,2.60,38.41,60

9434,1.92,4.78,60,2.60,38.41,60

9451,1.92,4.69,60,2.60,38.49,60

9468,1.92,4.69,60,2.60,38.49,60

9484,1.92,4.69,60,2.60,38.49,60

9500,1.92,4.69,60,2.60,38.49,60

9517,1.92,4.69,60,2.60,38.49,60

9534,1.92,4.61,60,2.60,38.57,60

9552,1.92,4.61,60,2.60,38.57,60

9567,1.92,4.61,60,2.60,38.57,60

9585,1.92,4.61,60,2.60,38.57,60

9603,1.92,4.52,60,2.60,38.65,60

9619,1.92,4.52,60,2.60,38.65,60

9634,1.92,4.52,60,2.60,38.65,60

9652,1.92,4.52,60,2.60,38.65,60

9667,1.92,4.52,60,2.60,38.65,60

9684,1.92,4.44,60,2.60,38.73,60

9701,1.92,4.44,60,2.60,38.73,60

9718,1.92,4.44,60,2.60,38.73,60

9737,1.92,4.44,60,2.60,38.73,60

9752,1.92,4.44,60,2.60,38.73,60

9770,1.92,4.35,60,2.60,38.81,60

9784,1.92,4.35,60,2.60,38.81,60

9804,1.92,4.35,60,2.60,38.81,60

9817,1.92,4.35,60,2.60,38.81,60

9835,1.92,4.35,60,2.60,38.81,60

9851,1.92,4.27,60,2.60,38.89,60

9869,1.92,4.27,60,2.60,38.89,60

9885,1.92,4.27,60,2.60,38.89,60

9899,1.92,4.27,60,2.60,38.89,60

9916,1.92,4.18,60,2.60,38.97,60

9935,1.92,4.18,60,2.60,38.97,60

9951,1.92,4.18,60,2.60,38.97,60

9967,1.92,4.18,60,2.60,38.97,60

9986,1.92,4.18,60,2.60,38.97,60

10000,1.92,4.10,60,2.60,39.05,60

10020,1.92,4.10,60,2.60,39.05,60

10035,1.92,4.10,60,2.60,39.05,60

10049,1.92,4.10,60,2.60,39.05,60

10069,1.92,4.10,60,2.60,39.05,60

10085,1.92,4.01,60,2.60,39.13,60

10102,1.92,4.01,60,2.60,39.13,60

10118,1.92,4.01,60,2.60,39.13,60

10134,1.92,4.01,60,2.60,39.13,60

10153,1.92,4.01,60,2.50,39.13,60

10167,1.92,3.93,60,2.50,40.28,60

10186,1.92,3.93,60,2.50,40.28,60

10201,1.92,3.93,60,2.50,40.28,60

10217,1.92,3.93,60,2.50,40.28,60

10236,1.92,3.93,60,2.50,40.28,60

10250,1.92,3.85,60,2.50,40.38,60

10268,1.92,3.85,60,2.50,40.38,60

10283,1.92,3.85,60,2.50,40.38,60

10300,1.92,3.85,60,2.50,40.38,60

10317,1.92,3.85,60,2.50,40.38,60

10336,1.92,3.76,60,2.50,40.48,60

10351,1.92,3.76,60,2.50,40.48,60

10367,1.92,3.76,60,2.50,40.48,60

10384,1.92,3.76,60,2.50,40.48,60

10404,1.92,3.76,60,2.50,40.48,60

10417,1.92,3.68,60,2.50,40.58,60

10436,1.92,3.68,60,2.50,40.58,60

10449,1.92,3.68,60,2.50,40.58,60

10468,1.92,3.68,60,2.50,40.58,60

10485,1.92,3.59,60,2.50,40.68,60

10500,1.92,3.59,60,2.50,40.68,60

10518,1.92,3.59,60,2.50,40.68,60

10536,1.92,3.59,60,2.50,40.68,60

10550,1.92,3.59,60,2.50,40.68,60

10570,1.92,3.51,60,2.50,40.78,60

10585,1.28,3.51,60,2.50,40.78,60

10602,1.28,3.51,60,2.50,40.78,60

10617,1.28,3.51,60,2.50,40.78,60

10634,1.28,3.51,60,2.50,40.78,60

10651,1.28,9.93,60,2.50,40.88,60

10668,1.28,9.93,60,2.50,40.88,60

10685,1.28,9.93,60,2.50,40.88,60

10701,1.28,9.93,60,2.50,40.88,60

10717,1.28,9.93,60,2.50,40.88,60

10733,1.28,9.98,60,2.50,40.98,60

10754,1.28,9.98,60,2.50,40.98,60

10767,1.28,9.98,60,2.50,40.98,60

10784,1.28,9.98,60,2.50,40.98,60

10804,1.28,10.02,60,2.50,41.08,60

10818,1.28,10.02,60,2.50,41.08,60

10836,1.28,10.02,60,2.50,41.08,60

10850,1.28,10.02,60,2.50,41.08,60

10868,1.28,10.02,60,2.50,41.08,60

10884,1.28,10.06,60,2.50,41.18,60

10901,1.28,10.06,60,2.50,41.18,60

10916,1.28,10.06,60,2.50,41.18,60

10934,1.28,10.06,60,2.50,41.18,60

10950,1.28,10.11,60,2.50,41.28,60

10967,1.28,10.11,60,2.50,41.28,60

10984,1.28,10.11,60,2.50,41.28,60

11001,1.28,10.11,60,2.50,41.28,60

11021,1.28,10.11,60,2.50,41.28,60

11035,1.28,10.15,60,2.50,41.38,60

11052,1.28,10.15,60,2.50,41.38,60

11069,1.28,10.15,60,2.50,41.38,60

11086,1.28,10.15,60,2.50,41.38,60

11101,1.28,10.19,60,2.28,41.48,60

11119,1.28,10.19,60,2.28,41.48,60

11137,1.28,10.19,60,2.28,41.48,60

11149,1.28,10.19,60,2.28,41.48,60

11169,1.28,10.19,60,2.28,41.48,60

11184,1.28,10.23,60,2.28,43.83,60

11202,1.28,10.23,60,2.28,43.83,60

11218,1.28,10.23,60,2.28,43.83,60

11236,1.28,10.23,60,2.28,43.83,60

11250,1.28,10.23,60,2.28,43.83,60

11267,1.28,10.28,60,2.28,43.98,60

11286,1.28,10.28,60,2.28,43.98,60

11302,1.28,10.28,60,2.28,43.98,60

11316,1.28,10.28,60,2.28,43.98,60

11335,1.28,10.28,60,2.28,43.98,60

11350,1.28,10.32,60,2.28,44.12,60

11368,1.28,10.32,60,2.28,44.12,60

11383,1.28,10.32,60,2.28,44.12,60

11404,1.28,10.32,60,2.28,44.12,60

11416,1.28,10.36,60,2.28,44.27,60

11434,1.28,10.36,60,2.28,44.27,60

11451,1.28,10.36,60,2.28,44.27,60

11466,1.28,10.36,60,2.28,44.27,60

11486,1.28,10.36,60,2.28,44.27,60

11499,1.28,10.41,60,2.28,44.41,60

11517,1.28,10.41,60,2.28,44.41,60

11536,1.28,10.41,60,2.28,44.41,60

11553,1.28,10.41,60,2.28,44.41,60

11568,1.28,10.45,60,2.28,44.56,60

11585,1.28,10.45,60,2.28,44.56,60

11600,1.28,10.45,60,2.28,44.56,60

11618,1.28,10.45,60,2.28,44.56,60

11633,1.28,10.45,60,2.28,44.56,60

11650,1.28,10.49,60,2.28,44.70,60

11667,1.28,10.49,60,2.28,44.70,60

11684,1.28,10.49,60,2.28,44.70,60

11703,1.28,10.49,60,2.28,44.70,60

11717,1.28,10.54,60,2.28,44.85,60

11736,1.28,10.54,60,2.28,44.85,60

11751,1.28,10.54,60,2.28,44.85,60

11770,1.28,10.54,60,2.28,44.85,60

11784,1.28,10.54,60,2.28,44.85,60

11802,1.28,10.58,60,2.28,44.99,60

11817,1.28,10.58,60,2.28,44.99,60

11836,1.28,10.58,60,2.28,44.99,60

11851,1.72,10.58,60,2.28,44.99,60

11869,1.72,10.58,60,2.28,44.99,60

11883,1.72,6.18,60,2.28,45.14,60

11903,1.72,6.18,60,2.28,45.14,60

11916,1.72,6.18,60,2.28,45.14,60

11934,1.72,6.18,60,2.28,45.14,60

11949,1.72,6.18,60,2.28,45.14,60

11968,1.72,6.14,60,2.28,45.28,60

11986,1.72,6.14,60,2.28,45.28,60

12001,1.72,6.14,60,2.28,45.28,60

12019,1.72,6.14,60,2.28,45.28,60

12034,1.72,6.10,60,2.28,45.42,60

12054,1.72,6.10,60,2.34,45.42,60

12069,1.72,6.10,60,2.34,45.42,60

12086,1.72,6.10,60,2.34,45.42,60

12101,1.72,6.10,60,2.34,45.42,60

12119,1.72,6.05,60,2.34,44.87,60

12134,1.72,6.05,60,2.34,44.87,60

12150,1.72,6.05,60,2.34,44.87,60

12167,1.72,6.05,60,2.34,44.87,60

12184,1.72,6.05,60,2.34,44.87,60

12200,1.72,6.01,60,2.34,45.00,60

12217,1.72,6.01,60,2.34,45.00,60

12236,1.72,6.01,60,2.34,45.00,60

12251,1.72,6.01,60,2.34,45.00,60

12266,1.72,6.01,60,2.34,45.00,60

12283,1.72,5.96,60,2.34,45.13,60

12301,1.72,5.96,60,2.34,45.13,60

12318,1.72,5.96,60,2.34,45.13,60

12336,1.72,5.96,60,2.34,45.13,60

12351,1.72,5.92,60,2.34,45.26,60

12368,1.72,5.92,60,2.34,45.26,60

12386,1.72,5.92,60,2.34,45.26,60

12401,1.72,5.92,60,2.34,45.26,60

12417,1.72,5.92,60,2.34,45.26,60

12436,1.72,5.88,60,2.34,45.39,60

12453,1.72,5.88,60,2.34,45.39,60

12469,1.72,5.88,60,2.34,45.39,60

12485,1.72,5.88,60,2.34,45.39,60

12503,1.72,5.88,60,2.34,45.39,60

12520,1.72,5.83,60,2.34,45.52,60

12537,1.72,5.83,60,2.34,45.52,60

12551,1.72,5.83,60,2.34,45.52,60

12568,1.72,5.83,60,2.34,45.52,60

12584,1.72,5.83,60,2.34,45.52,60

12604,1.72,5.79,60,2.34,45.65,60

12617,1.72,5.79,60,2.34,45.65,60

12637,1.72,5.79,60,2.34,45.65,60

12652,1.72,5.79,60,2.34,45.65,60

12666,1.72,5.74,60,2.34,45.78,60

12686,1.72,5.74,60,2.34,45.78,60

12703,1.72,5.74,60,2.34,45.78,60

12719,2.58,5.74,60,2.34,45.78,60

12733,2.58,5.74,60,2.34,45.78,60

12754,2.58,0.00,60,2.34,45.91,60

12769,2.58,0.00,60,2.34,45.91,60

12783,2.58,0.00,60,2.34,45.91,60

12802,2.58,0.00,60,2.34,45.91,60

12818,2.58,0.00,60,2.34,45.91,60

12836,2.58,0.00,60,2.34,46.05,60

12851,2.58,0.00,60,2.34,46.05,60

12867,2.58,0.00,60,2.34,46.05,60

12884,2.58,0.00,60,2.34,46.05,60

12904,2.58,0.00,60,2.34,46.05,60

12918,2.58,0.00,60,2.62,43.34,60

12936,2.58,0.00,60,2.62,43.34,60

12951,2.58,0.00,60,2.62,43.34,60

12970,2.58,0.00,60,2.62,43.34,60

12986,2.58,0.00,60,2.62,43.34,60

13000,2.58,0.00,60,2.62,43.41,60

13019,2.58,0.00,60,2.62,43.41,60

13034,2.58,0.00,60,2.62,43.41,60

13052,2.58,0.00,60,2.62,43.41,60

13068,2.58,0.00,60,2.62,43.41,60

13087,2.58,0.00,60,2.62,43.49,60

13101,2.58,0.00,60,2.62,43.49,60

13120,2.58,0.00,60,2.62,43.49,60

13134,2.58,0.00,60,2.62,43.49,60

13154,2.58,0.00,60,2.62,43.49,60

13169,2.58,0.00,60,2.62,43.56,60

13185,2.58,0.00,60,2.62,43.56,60

13203,2.58,0.00,60,2.62,43.56,60

13217,2.58,0.00,60,2.62,43.56,60

13236,2.58,0.00,60,2.62,43.64,60

13251,2.58,0.00,60,2.62,43.64,60

13270,2.58,0.00,60,2.62,43.64,60

13284,2.58,0.00,60,2.62,43.64,60

13301,2.58,0.00,60,2.62,43.64,60

13316,2.58,0.00,60,2.62,43.72,60

13335,2.58,0.00,60,2.62,43.72,60

13350,2.58,0.00,60,2.62,43.72,60

13367,2.58,0.00,60,2.62,43.72,60

13384,2.58,0.00,60,2.62,43.72,60

13403,2.58,0.00,60,2.62,43.79,60

13420,2.58,0.00,60,2.62,43.79,60

13435,2.58,0.00,60,2.62,43.79,60

13453,2.58,0.00,60,2.62,43.79,60

13468,2.58,0.00,60,2.62,43.79,60

13485,2.58,0.00,60,2.62,43.87,60

13501,2.58,0.00,60,2.62,43.87,60

13519,2.58,0.00,60,2.62,43.87,60

13534,2.58,0.00,60,2.62,43.87,60

13553,2.58,0.00,60,2.62,43.94,60

13570,2.58,0.00,60,2.62,43.94,60

13585,2.58,0.00,60,2.62,43.94,60

13601,2.58,0.00,60,2.62,43.94,60

13617,2.58,0.00,60,2.62,43.94,60

13634,2.46,0.00,60,3.03,44.02,60

13653,2.46,0.00,60,3.03,44.02,60

13667,2.46,0.00,60,3.03,44.02,60

13685,2.46,0.00,60,3.03,44.02,60

13703,2.46,0.00,60,3.03,44.02,60

13717,2.46,0.00,60,3.03,39.90,60

13737,2.46,0.00,60,3.03,39.90,60

13752,2.46,0.00,60,3.03,39.90,60

13768,2.46,0.00,60,3.03,39.90,60

13785,2.46,0.00,60,3.03,39.90,60

13801,2.46,0.00,60,3.03,39.89,60

13818,2.46,0.00,60,3.03,39.89,60

13835,2.46,0.00,60,3.03,39.89,60

13850,2.46,0.00,60,3.03,39.89,60

13868,2.46,0.00,60,3.03,39.89,60

13883,2.46,0.00,60,3.03,39.88,60

13904,2.46,0.00,60,3.03,39.88,60

13916,2.46,0.00,60,3.03,39.88,60

13935,2.46,0.00,60,3.03,39.88,60

13951,2.46,0.00,60,3.03,39.88,60

13968,2.46,0.00,60,3.03,39.87,60

13985,2.46,0.00,60,3.03,39.87,60

14002,2.46,0.00,60,3.03,39.87,60

14018,2.46,0.00,60,3.03,39.87,60

14034,2.46,0.00,60,3.03,39.87,60

14050,2.46,0.00,60,3.03,39.87,60

14069,2.46,0.00,60,3.03,39.87,60

14087,2.46,0.00,60,3.03,39.87,60

14101,2.46,0.00,60,3.03,39.87,60

14118,2.46,0.00,60,3.03,39.87,60

14133,2.46,0.00,60,3.03,39.86,60

14149,2.46,0.00,60,3.03,39.86,60

14168,2.46,0.00,60,3.03,39.86,60

14183,2.46,0.00,60,3.03,39.86,60

14204,2.46,0.00,60,3.03,39.85,60

14218,2.46,0.00,60,3.03,39.85,60

14234,2.46,0.00,60,3.03,39.85,60

14252,2.46,0.00,60,3.03,39.85,60

14268,2.46,0.00,60,3.03,39.85,60

14283,2.46,0.00,60,3.03,39.85,60

14304,2.46,0.00,60,3.03,39.85,60

14318,2.46,0.00,60,3.03,39.85,60

14333,2.46,0.00,60,3.03,39.85,60

14354,2.46,0.00,60,3.03,39.85,60

14366,2.46,0.00,60,3.16,38.58,60

14387,2.46,0.00,60,3.16,38.58,60

14401,2.46,0.00,60,3.16,38.58,60

14420,2.46,0.00,60,3.16,38.58,60

14434,2.46,0.00,60,3.16,38.58,60

14452,2.46,0.00,60,3.16,38.55,60

14466,2.46,0.00,60,3.16,38.55,60

14485,2.46,0.00,60,3.16,38.55,60

14500,2.46,0.00,60,3.16,38.55,60

14519,2.46,0.00,60,3.16,38.51,60

14537,2.46,0.00,60,3.16,38.51,60

14550,2.46,0.00,60,3.16,38.51,60

14567,2.46,0.00,60,3.16,38.51,60

14585,2.46,0.00,60,3.16,38.51,60

14604,2.46,0.00,60,3.16,38.48,60

14618,2.46,0.00,60,3.16,38.48,60

14634,2.46,0.00,60,3.16,38.48,60

14653,2.46,0.00,60,3.16,38.48,60

14666,2.46,0.00,60,3.16,38.48,60

14687,2.46,0.00,60,3.16,38.45,60

14701,2.46,0.00,60,3.16,38.45,60

14719,2.46,0.00,60,3.16,38.45,60

14735,2.46,0.00,60,3.16,38.45,60

14751,2.46,0.00,60,3.16,38.45,60

14768,2.46,0.00,60,3.16,38.42,60

14786,2.46,0.00,60,3.16,38.42,60

14804,2.46,0.00,60,3.16,38.42,60

14818,2.46,0.00,60,3.16,38.42,60

14835,2.46,0.00,60,3.16,38.39,60

14853,2.46,0.00,60,3.16,38.39,60

14868,2.46,0.00,60,3.16,38.39,60

14886,2.46,0.00,60,3.16,38.39,60

14902,2.46,0.00,60,3.16,38.39,60

14920,2.46,0.00,60,3.16,38.36,60

14934,2.46,0.00,60,3.16,38.36,60

14952,2.46,0.00,60,3.16,38.36,60

14970,2.46,0.00,60,3.16,38.36,60

14983,2.46,0.00,60,3.16,38.36,60

15001,2.46,0.00,60,3.16,38.32,60

15016,2.46,0.00,60,3.16,38.32,60

15035,1.61,0.00,60,3.16,38.32,60

15050,1.61,0.00,60,3.16,38.32,60

15070,1.61,0.00,60,3.16,38.32,60

15086,1.61,0.98,60,3.16,38.29,60

15100,1.61,0.98,60,3.16,38.29,60

15120,1.61,0.98,60,3.16,38.29,60

15134,1.61,0.98,60,3.16,38.29,60

15151,1.61,0.96,60,3.16,38.26,60

15169,1.61,0.96,60,3.16,38.26,60

15187,1.61,0.96,60,3.16,38.26,60

15202,1.61,0.96,60,3.16,38.26,60

15217,1.61,0.96,60,2.62,38.26,60

15235,1.61,0.93,60,2.62,43.69,60

15254,1.61,0.93,60,2.62,43.69,60

15268,1.61,0.93,60,2.62,43.69,60

15283,1.61,0.93,60,2.62,43.69,60

15303,1.61,0.93,60,2.62,43.69,60

15317,1.61,0.91,60,2.62,43.76,60

15336,1.61,0.91,60,2.62,43.76,60

15353,1.61,0.91,60,2.62,43.76,60

15368,1.61,0.91,60,2.62,43.76,60

15383,1.61,0.91,60,2.62,43.76,60

15400,1.61,0.89,60,2.62,43.84,60

15418,1.61,0.89,60,2.62,43.84,60

15433,1.61,0.89,60,2.62,43.84,60

15450,1.61,0.89,60,2.62,43.84,60

15468,1.61,0.89,60,2.62,43.84,60

15484,1.61,0.87,60,2.62,43.92,60

15504,1.61,0.87,60,2.62,43.92,60

15518,1.61,0.87,60,2.62,43.92,60

15534,1.61,0.87,60,2.62,43.92,60

15552,1.61,0.87,60,2.62,43.92,60

15568,1.61,0.84,60,2.62,43.99,60

15585,1.61,0.84,60,2.62,43.99,60

15600,1.61,0.84,60,2.62,43.99,60

15620,1.61,0.84,60,2.62,43.99,60

15636,1.61,0.84,60,2.62,43.99,60

15651,1.61,0.82,60,2.62,44.07,60

15669,1.61,0.82,60,2.62,44.07,60

15685,1.61,0.82,60,2.62,44.07,60

15700,1.61,0.82,60,2.62,44.07,60

15718,1.61,0.80,60,2.62,44.14,60

15734,1.61,0.80,60,2.62,44.14,60

15754,1.61,0.80,60,2.62,44.14,60

15767,1.61,0.80,60,2.62,44.14,60

15783,1.61,0.80,60,2.62,44.14,60

15804,1.61,0.78,60,2.62,44.22,60

15817,1.61,0.78,60,2.62,44.22,60

15836,1.61,0.78,60,2.62,44.22,60

15850,1.61,0.78,60,2.62,44.22,60

15870,1.61,0.78,60,2.62,44.22,60

15885,1.61,0.75,60,2.62,44.29,60

15904,1.61,0.75,60,2.62,44.29,60

15916,1.61,0.75,60,2.62,44.29,60

15935,1.61,0.75,60,2.62,44.29,60

15950,1.61,0.75,60,2.62,44.29,60

15967,1.61,0.73,60,2.62,44.37,60

15984,1.61,0.73,60,2.62,44.37,60

16000,1.61,0.73,60,2.62,44.37,60

16017,1.61,0.73,60,2.62,44.37,60

16035,1.61,0.71,60,2.69,44.44,60

16050,2.20,0.71,60,2.69,44.44,60

16068,2.20,0.71,60,2.69,44.44,60

16085,2.20,0.71,60,2.69,44.44,60

16104,2.20,0.71,60,2.69,44.44,60

16119,2.20,0.00,60,2.69,43.82,60

16136,2.20,0.00,60,2.69,43.82,60

16154,2.20,0.00,60,2.69,43.82,60

16166,2.20,0.00,60,2.69,43.82,60

16185,2.20,0.00,60,2.69,43.82,60

16204,2.20,0.00,60,2.69,43.88,60

16217,2.20,0.00,60,2.69,43.88,60

16236,2.20,0.00,60,2.69,43.88,60

16254,2.20,0.00,60,2.69,43.88,60

16268,2.20,0.00,60,2.69,43.88,60

16283,2.20,0.00,60,2.69,43.94,60

16304,2.20,0.00,60,2.69,43.94,60

16318,2.20,0.00,60,2.69,43.94,60

16335,2.20,0.00,60,2.69,43.94,60

16351,2.20,0.00,60,2.69,44.01,60

16366,2.20,0.00,60,2.69,44.01,60

16386,2.20,0.00,60,2.69,44.01,60

16400,2.20,0.00,60,2.69,44.01,60

16418,2.20,0.00,60,2.69,44.01,60

16433,2.20,0.00,60,2.69,44.07,60

16454,2.20,0.00,60,2.69,44.07,60

16467,2.20,0.00,60,2.69,44.07,60

16487,2.20,0.00,60,2.69,44.07,60

16500,2.20,0.00,60,2.69,44.07,60

16521,2.20,0.00,60,2.69,44.13,60

16535,2.20,0.00,60,2.69,44.13,60

16550,2.20,0.00,60,2.69,44.13,60

16571,2.20,0.00,60,2.69,44.13,60

16585,2.20,0.00,60,2.69,44.13,60

16604,2.20,0.00,60,2.69,44.19,60

16619,2.20,0.00,60,2.69,44.19,60

16634,2.20,0.00,60,2.69,44.19,60

16652,2.20,0.00,60,2.69,44.19,60

16668,2.20,0.00,60,2.69,44.25,60

16685,2.20,0.00,60,2.69,44.25,60

16701,2.20,0.00,60,2.69,44.25,60

16717,2.20,0.00,60,2.69,44.25,60

16733,2.20,0.00,60,2.69,44.25,60

16750,2.20,0.00,60,2.69,44.31,60

16767,2.20,0.00,60,2.69,44.31,60

16787,2.20,0.00,60,2.69,44.31,60

16802,2.20,0.00,60,2.69,44.31,60

16820,2.20,0.00,60,2.69,44.31,60

16834,2.20,0.00,60,2.69,44.38,60

16854,2.20,0.00,60,2.69,44.38,60

16867,2.20,0.00,60,2.69,44.38,60

16885,2.20,0.00,60,2.69,44.38,60

16904,2.20,0.00,60,2.69,44.38,60

16916,2.20,0.00,60,2.69,44.44,60

16937,2.20,0.00,60,2.69,44.44,60

16951,2.20,0.00,60,2.46,44.44,60

16969,2.20,0.00,60,2.46,44.44,60

16985,2.20,0.00,60,2.46,46.90,60

17002,2.20,0.00,60,2.46,46.90,60

17020,2.20,0.00,60,2.46,46.90,60

17035,2.20,0.00,60,2.46,46.90,60

17054,2.20,0.00,60,2.46,46.90,60

17069,2.21,0.00,60,2.46,47.00,60

17086,2.21,0.00,60,2.46,47.00,60

17104,2.21,0.00,60,2.46,47.00,60

17117,2.21,0.00,60,2.46,47.00,60

17134,2.21,0.00,60,2.46,47.00,60

17152,2.21,0.00,60,2.46,47.11,60

17167,2.21,0.00,60,2.46,47.11,60

17185,2.21,0.00,60,2.46,47.11,60

17204,2.21,0.00,60,2.46,47.11,60

17217,2.21,0.00,60,2.46,47.11,60

17234,2.21,0.00,60,2.46,47.22,60

17250,2.21,0.00,60,2.46,47.22,60

17267,2.21,0.00,60,2.46,47.22,60

17286,2.21,0.00,60,2.46,47.22,60

17304,2.21,0.00,60,2.46,47.33,60

17317,2.21,0.00,60,2.46,47.33,60

17336,2.21,0.00,60,2.46,47.33,60

17351,2.21,0.00,60,2.46,47.33,60

17368,2.21,0.00,60,2.46,47.33,60

17384,2.21,0.00,60,2.46,47.44,60

17404,2.21,0.00,60,2.46,47.44,60

17417,2.21,0.00,60,2.46,47.44,60

17434,2.21,0.00,60,2.46,47.44,60

17453,2.21,0.00,60,2.46,47.44,60

17470,2.21,0.00,60,2.46,47.55,60

17485,2.21,0.00,60,2.46,47.55,60

17503,2.21,0.00,60,2.46,47.55,60

17518,2.21,0.00,60,2.46,47.55,60

17534,2.21,0.00,60,2.46,47.55,60

17554,2.21,0.00,60,2.46,47.66,60

17567,2.21,0.00,60,2.46,47.66,60

17585,2.21,0.00,60,2.46,47.66,60

17602,2.21,0.00,60,2.46,47.66,60

17617,2.21,0.00,60,2.46,47.77,60

17633,2.21,0.00,60,2.46,47.77,60

17654,2.21,0.00,60,2.46,47.77,60

17667,2.21,0.00,60,2.46,47.77,60

17684,2.21,0.00,60,2.46,47.77,60

17701,2.21,0.00,60,3.01,47.87,60

17717,2.21,0.00,60,3.01,47.87,60

17736,2.21,0.00,60,3.01,47.87,60

17753,2.21,0.00,60,3.01,47.87,60

17769,2.21,0.00,60,3.01,47.87,60

17786,2.21,0.00,60,3.01,42.39,60

17800,2.21,0.00,60,3.01,42.39,60

17819,2.21,0.00,60,3.01,42.39,60

17835,2.21,0.00,60,3.01,42.39,60

17854,2.21,0.00,60,3.01,42.39,60

17866,2.21,0.00,60,3.01,42.39,60

17883,2.21,0.00,60,3.01,42.39,60

17903,2.21,0.00,60,3.01,42.39,60

17917,2.21,0.00,60,3.01,42.39,60

17933,2.21,0.00,60,3.01,42.39,60

17954,2.21,0.00,60,3.01,42.39,60

17968,2.21,0.00,60,3.01,42.39,60

17983,2.21,0.00,60,3.01,42.39,60

18003,2.21,0.00,60,3.01,42.39,60

18020,2.21,0.00,60,3.01,42.38,60

18036,2.21,0.00,60,3.01,42.38,60

18053,2.21,0.00,60,3.01,42.38,60

18069,2.21,0.00,60,3.01,42.38,60

18086,2.21,0.00,60,3.01,42.38,60

18099,2.21,0.00,60,3.01,42.38,60

18117,2.21,0.00,60,3.01,42.38,60

18137,2.21,0.00,60,3.01,42.38,60

18153,2.21,0.00,60,3.01,42.38,60

18170,2.21,0.00,60,3.01,42.38,60

18184,2.21,0.00,60,3.01,42.38,60

18204,2.21,0.00,60,3.01,42.38,60

18219,2.21,0.00,60,3.01,42.38,60

18234,2.21,0.00,60,3.01,42.38,60

18254,2.21,0.00,60,3.01,42.38,60

18268,2.21,0.00,60,3.01,42.38,60

18287,2.21,0.00,60,3.01,42.38,60

18302,2.21,0.00,60,3.01,42.38,60

18319,2.21,0.00,60,3.01,42.38,60

18335,2.21,0.00,60,3.01,42.38,60

18354,2.21,0.00,60,3.01,42.38,60

18368,1.74,0.00,60,3.01,42.38,60

18386,1.74,0.00,60,3.29,42.38,60

18402,1.74,0.00,60,3.29,42.38,60

18418,1.74,0.00,60,3.29,42.38,60

18436,1.74,0.00,60,3.29,39.44,60

18452,1.74,0.00,60,3.29,39.44,60

18470,1.74,0.00,60,3.29,39.44,60

18484,1.74,0.00,60,3.29,39.44,60

18503,1.74,0.00,60,3.29,39.39,60

18517,1.74,0.00,60,3.29,39.39,60

18534,1.74,0.00,60,3.29,39.39,60

18554,1.74,0.00,60,3.29,39.39,60

18566,1.74,0.00,60,3.29,39.39,60

18586,1.74,0.00,60,3.29,39.33,60

18601,1.74,0.00,60,3.29,39.33,60

18619,1.74,0.00,60,3.29,39.33,60

18637,1.74,0.00,60,3.29,39.33,60

18650,1.74,0.00,60,3.29,39.33,60

18667,1.74,0.00,60,3.29,39.27,60

18683,1.74,0.00,60,3.29,39.27,60

18704,1.74,0.00,60,3.29,39.27,60

18716,1.74,0.00,60,3.29,39.27,60

18735,1.74,0.00,60,3.29,39.27,60

18753,1.74,0.00,60,3.29,39.21,60

18769,1.74,0.00,60,3.29,39.21,60

18784,1.74,0.00,60,3.29,39.21,60

18800,1.74,0.00,60,3.29,39.21,60

18817,1.74,0.00,60,3.29,39.15,60

18836,1.74,0.00,60,3.29,39.15,60

18854,1.74,0.00,60,3.29,39.15,60

18867,1.74,0.00,60,3.29,39.15,60

18883,1.74,0.00,60,3.29,39.15,60

18900,1.74,0.00,60,3.29,39.09,60

18921,1.74,0.00,60,3.29,39.09,60

18933,1.74,0.00,60,3.29,39.09,60

18954,1.74,0.00,60,3.29,39.09,60

18967,1.74,0.00,60,3.29,39.09,60

18988,1.74,0.00,60,3.29,39.03,60

19001,1.74,0.00,60,3.29,39.03,60

19018,1.74,0.00,60,3.29,39.03,60

19034,1.74,0.00,60,3.29,39.03,60

19054,1.74,0.00,60,3.29,39.03,60

19068,1.74,0.00,60,3.29,38.98,60

19086,1.74,0.00,60,3.29,38.98,60

19101,1.74,0.00,60,3.29,38.98,60

19117,1.74,0.00,60,3.29,38.98,60

19133,1.74,0.00,60,3.29,38.92,60

19154,1.74,0.00,60,3.29,38.92,60

19168,1.74,0.00,60,2.92,38.92,60

19185,1.74,0.00,60,2.92,38.92,60

19203,1.74,0.00,60,2.92,38.92,60

19220,1.74,0.00,60,2.92,42.66,60

19235,1.74,0.00,60,2.92,42.66,60

19254,1.74,0.00,60,2.92,42.66,60

19267,1.74,0.00,60,2.92,42.66,60

19288,1.74,0.00,60,2.92,42.66,60

19302,1.74,0.00,60,2.92,42.68,60

19317,1.74,0.00,60,2.92,42.68,60

19336,1.74,0.00,60,2.92,42.68,60

19354,1.74,0.00,60,2.92,42.68,60

19367,2.24,0.00,60,2.92,42.68,60

19386,2.24,0.00,60,2.92,42.69,60

19403,2.24,0.00,60,2.92,42.69,60

19420,2.24,0.00,60,2.92,42.69,60

19435,2.24,0.00,60,2.92,42.69,60

19454,2.24,0.00,60,2.92,42.71,60

19468,2.24,0.00,60,2.92,42.71,60

19486,2.24,0.00,60,2.92,42.71,60

19500,2.24,0.00,60,2.92,42.71,60

19520,2.24,0.00,60,2.92,42.71,60

19534,2.24,0.00,60,2.92,42.73,60

19554,2.24,0.00,60,2.92,42.73,60

19568,2.24,0.00,60,2.92,42.73,60

19585,2.24,0.00,60,2.92,42.73,60

19603,2.24,0.00,60,2.92,42.73,60

19617,2.24,0.00,60,2.92,42.74,60

19637,2.24,0.00,60,2.92,42.74,60

19653,2.24,0.00,60,2.92,42.74,60

19668,2.24,0.00,60,2.92,42.74,60

19686,2.24,0.00,60,2.92,42.74,60

19704,2.24,0.00,60,2.92,42.76,60

19718,2.24,0.00,60,2.92,42.76,60

19735,2.24,0.00,60,2.92,42.76,60

19750,2.24,0.00,60,2.92,42.76,60

19769,2.24,0.00,60,2.92,42.77,60

19784,2.24,0.00,60,2.92,42.77,60

19804,2.24,0.00,60,2.92,42.77,60

19817,2.24,0.00,60,2.92,42.77,60

19834,2.24,0.00,60,2.92,42.77,60

19854,2.24,0.00,60,2.92,42.79,60

19869,2.24,0.00,60,2.92,42.79,60

19884,2.24,0.00,60,2.92,42.79,60

19904,2.24,0.00,60,2.92,42.79,60

19918,2.24,0.00,60,2.92,42.79,60

19937,2.24,0.00,60,2.92,42.80,60

19952,2.24,0.00,60,2.92,42.80,60

19970,2.24,0.00,60,2.92,42.80,60

19984,2.24,0.00,60,2.92,42.80,60

20005,2.24,0.00,60,2.92,42.80,60

20018,2.24,0.00,60,2.67,45.39,60

20033,2.24,0.00,60,2.67,45.39,60

20054,2.24,0.00,60,2.67,45.39,60

20068,2.24,0.00,60,2.67,45.39,60

20084,2.24,0.00,60,2.67,45.45,60

20104,2.24,0.00,60,2.67,45.45,60

20120,2.24,0.00,60,2.67,45.45,60

20133,2.24,0.00,60,2.67,45.45,60

20154,2.24,0.00,60,2.67,45.45,60

20170,2.24,0.00,60,2.67,45.52,60

20185,2.24,0.00,60,2.67,45.52,60

20203,2.24,0.00,60,2.67,45.52,60

20216,2.65,0.00,60,2.67,45.52,60

20238,2.65,0.00,60,2.67,45.52,60

20252,2.65,0.00,60,2.67,45.59,60

20268,2.65,0.00,60,2.67,45.59,60

20284,2.65,0.00,60,2.67,45.59,60

20304,2.65,0.00,60,2.67,45.59,60

20320,2.65,0.00,60,2.67,45.59,60

20335,2.65,0.00,60,2.67,45.65,60

20350,2.65,0.00,60,2.67,45.65,60

20367,2.65,0.00,60,2.67,45.65,60

20385,2.65,0.00,60,2.67,45.65,60

20401,2.65,0.00,60,2.67,45.72,60

20419,2.65,0.00,60,2.67,45.72,60

20436,2.65,0.00,60,2.67,45.72,60

20451,2.65,0.00,60,2.67,45.72,60

20469,2.65,0.00,60,2.67,45.72,60

20484,2.65,0.00,60,2.67,45.79,60

20503,2.65,0.00,60,2.67,45.79,60

20518,2.65,0.00,60,2.67,45.79,60

20534,2.65,0.00,60,2.67,45.79,60

20552,2.65,0.00,60,2.67,45.79,60

20567,2.65,0.00,60,2.67,45.85,60

20585,2.65,0.00,60,2.67,45.85,60

20604,2.65,0.00,60,2.67,45.85,60

20617,2.65,0.00,60,2.67,45.85,60

20636,2.65,0.00,60,2.67,45.85,60

20654,2.65,0.00,60,2.67,45.92,60

20667,2.65,0.00,60,2.67,45.92,60

20684,2.65,0.00,60,2.67,45.92,60

20704,2.65,0.00,60,2.67,45.92,60

20719,2.65,0.00,60,2.67,45.99,60

20734,2.65,0.00,60,2.67,45.99,60

20753,2.65,0.00,60,2.67,45.99,60

20768,2.65,0.00,60,2.67,45.99,60

20785,2.65,0.00,60,2.67,45.99,60

20803,2.65,0.00,60,2.67,46.05,60

20818,2.65,0.00,60,2.79,46.05,60

20836,2.65,0.00,60,2.79,46.05,60

20850,2.65,0.00,60,2.79,46.05,60

20866,2.65,0.00,60,2.79,46.05,60

20886,2.65,0.00,60,2.79,44.89,60

20900,2.65,0.00,60,2.79,44.89,60

20917,2.65,0.00,60,2.79,44.89,60

20934,2.65,0.00,60,2.79,44.89,60

20954,2.65,0.00,60,2.79,44.89,60

20968,2.65,0.00,60,2.79,44.93,60

20984,2.65,0.00,60,2.79,44.93,60

21003,2.65,0.00,60,2.79,44.93,60

21018,2.65,0.00,60,2.79,44.93,60

21033,2.65,0.00,60,2.79,44.98,60

21053,2.65,0.00,60,2.79,44.98,60

21068,2.65,0.00,60,2.79,44.98,60

21084,2.65,0.00,60,2.79,44.98,60

21100,2.65,0.00,60,2.79,44.98,60

21117,2.65,0.00,60,2.79,45.02,60

21136,2.65,0.00,60,2.79,45.02,60

21153,2.65,0.00,60,2.79,45.02,60

21167,2.65,0.00,60,2.79,45.02,60

21187,2.65,0.00,60,2.79,45.02,60

21201,2.65,0.00,60,2.79,45.06,60

21217,2.65,0.00,60,2.79,45.06,60

21234,2.21,0.00,60,2.79,45.06,60

21250,2.21,0.00,60,2.79,45.06,60

21271,2.21,0.00,60,2.79,45.06,60

21285,2.21,0.00,60,2.79,45.10,60

21304,2.21,0.00,60,2.79,45.10,60

21318,2.21,0.00,60,2.79,45.10,60

21337,2.21,0.00,60,2.79,45.10,60

21350,2.21,0.00,60,2.79,45.10,60

21369,2.21,0.00,60,2.79,45.15,60

21384,2.21,0.00,60,2.79,45.15,60

21404,2.21,0.00,60,2.79,45.15,60

21419,2.21,0.00,60,2.79,45.15,60

21436,2.21,0.00,60,2.79,45.15,60

21453,2.21,0.00,60,2.79,45.19,60

21468,2.21,0.00,60,2.79,45.19,60

21484,2.21,0.00,60,2.79,45.19,60

21504,2.21,0.00,60,2.79,45.19,60

21519,2.21,0.00,60,2.79,45.19,60

21534,2.21,0.00,60,3.10,45.23,60

21552,2.21,0.00,60,3.10,45.23,60

21567,2.21,0.00,60,3.10,45.23,60

21585,2.21,0.00,60,3.10,45.23,60

21602,2.21,0.00,60,3.10,42.14,60

21620,2.21,0.00,60,3.10,42.14,60

21634,2.21,0.00,60,3.10,42.14,60

21654,2.21,0.00,60,3.10,42.14,60

21669,2.21,0.00,60,3.10,42.14,60

21687,2.21,0.00,60,3.10,42.13,60

21704,2.21,0.00,60,3.10,42.13,60

21718,2.21,0.00,60,3.10,42.13,60

21735,2.21,0.00,60,3.10,42.13,60

21753,2.21,0.00,60,3.10,42.13,60

21767,2.21,0.00,60,3.10,42.11,60

21785,2.21,0.00,60,3.10,42.11,60

21800,2.21,0.00,60,3.10,42.11,60

21817,2.21,0.00,60,3.10,42.11,60

21836,2.21,0.00,60,3.10,42.11,60

21853,2.21,0.00,60,3.10,42.09,60

21867,2.21,0.00,60,3.10,42.09,60

21886,2.21,0.00,60,3.10,42.09,60

21901,2.21,0.00,60,3.10,42.09,60

21917,2.21,0.00,60,3.10,42.07,60

21936,2.21,0.00,60,3.10,42.07,60

21954,2.21,0.00,60,3.10,42.07,60

21968,2.21,0.00,60,3.10,42.07,60

21985,2.21,0.00,60,3.10,42.07,60

22001,2.21,0.00,60,3.10,42.05,60

22017,2.21,0.00,60,3.10,42.05,60

22036,2.21,0.00,60,3.10,42.05,60

22050,2.21,0.00,60,3.10,42.05,60

22068,2.21,0.00,60,3.10,42.05,60

22086,2.21,0.00,60,3.10,42.03,60

22100,2.21,0.00,60,3.10,42.03,60

22118,2.21,0.00,60,3.10,42.03,60

22136,2.21,0.00,60,3.10,42.03,60

22152,2.21,0.00,60,3.10,42.03,60

22168,2.21,0.00,60,3.10,42.01,60

22187,2.21,0.00,60,3.10,42.01,60

22200,2.21,0.00,60,3.10,42.01,60

22220,2.21,0.00,60,3.10,42.01,60

22233,2.21,0.00,60,3.10,41.99,60

22254,2.21,0.00,60,3.10,41.99,60

22268,2.21,0.00,60,3.10,41.99,60

22287,2.21,0.00,60,3.10,41.99,60

22300,2.21,0.00,60,2.89,41.99,60

22320,2.06,0.00,60,2.89,44.04,60

22335,2.06,0.00,60,2.89,44.04,60

22350,2.06,0.00,60,2.89,44.04,60

22366,2.06,0.00,60,2.89,44.04,60

22387,2.06,0.00,60,2.89,44.04,60

22402,2.06,0.00,60,2.89,44.06,60

22418,2.06,0.00,60,2.89,44.06,60

22437,2.06,0.00,60,2.89,44.06,60

22454,2.06,0.00,60,2.89,44.06,60

22469,2.06,0.00,60,2.89,44.06,60

22486,2.06,0.00,60,2.89,44.08,60

22504,2.06,0.00,60,2.89,44.08,60

22520,2.06,0.00,60,2.89,44.08,60

22534,2.06,0.00,60,2.89,44.08,60

22553,2.06,0.00,60,2.89,44.10,60

22567,2.06,0.00,60,2.89,44.10,60

22585,2.06,0.00,60,2.89,44.10,60

22603,2.06,0.00,60,2.89,44.10,60

22618,2.06,0.00,60,2.89,44.10,60

22636,2.06,0.00,60,2.89,44.12,60

22654,2.06,0.00,60,2.89,44.12,60

22668,2.06,0.00,60,2.89,44.12,60

22686,2.06,0.00,60,2.89,44.12,60

22702,2.06,0.00,60,2.89,44.12,60

22716,2.06,0.00,60,2.89,44.15,60

22734,2.06,0.00,60,2.89,44.15,60

22750,2.06,0.00,60,2.89,44.15,60

22771,2.06,0.00,60,2.89,44.15,60

22785,2.06,0.00,60,2.89,44.15,60

22804,2.06,0.00,60,2.89,44.17,60

22819,2.06,0.00,60,2.89,44.17,60

22836,2.06,0.00,60,2.89,44.17,60

22853,2.06,0.00,60,2.89,44.17,60

22868,2.06,0.00,60,2.89,44.19,60

22886,2.06,0.00,60,2.89,44.19,60

22904,2.06,0.00,60,2.89,44.19,60

22918,2.06,0.00,60,2.89,44.19,60

22934,2.06,0.00,60,2.89,44.19,60

22953,2.06,0.00,60,2.89,44.21,60

22967,2.06,0.00,60,2.89,44.21,60

22984,2.06,0.00,60,2.89,44.21,60

23003,2.06,0.00,60,2.89,44.21,60

23017,2.06,0.00,60,2.89,44.21,60

23037,2.06,0.00,60,2.89,44.23,60

23053,2.06,0.00,60,2.89,44.23,60

23068,2.06,0.00,60,2.89,44.23,60

23086,2.06,0.00,60,2.89,44.23,60

23103,2.06,0.00,60,2.89,44.23,60

23118,2.06,0.00,60,2.89,44.25,60

23135,2.06,0.00,60,2.89,44.25,60

23152,2.06,0.00,60,2.89,44.25,60

23170,2.06,0.00,60,2.89,44.25,60

23184,2.06,0.00,60,2.89,44.27,60

23203,2.06,0.00,60,2.89,44.27,60

23217,2.06,0.00,60,2.89,44.27,60

23234,2.06,0.00,60,2.89,44.27,60

23254,2.06,0.00,60,2.89,44.27,60

23269,2.06,0.00,60,2.89,44.30,60

23287,2.33,0.00,60,2.89,44.30,60

23302,2.33,0.00,60,2.89,44.30,60

23320,2.33,0.00,60,2.89,44.30,60

23335,2.33,0.00,60,2.89,44.30,60

23353,2.33,0.00,60,2.89,44.32,60

23368,2.33,0.00,60,2.89,44.32,60

23384,2.33,0.00,60,2.89,44.32,60

23403,2.33,0.00,60,2.89,44.32,60

23418,2.33,0.00,60,2.89,44.32,60

23437,2.33,0.00,60,2.89,44.34,60

23451,2.33,0.00,60,2.89,44.34,60

23467,2.33,0.00,60,2.89,44.34,60

23484,2.33,0.00,60,2.89,44.34,60

23503,2.33,0.00,60,2.89,44.36,60

23520,2.33,0.00,60,2.89,44.36,60

23535,2.33,0.00,60,2.89,44.36,60

23553,2.33,0.00,60,2.89,44.36,60

23567,2.33,0.00,60,2.89,44.36,60

23585,2.33,0.00,60,2.89,44.38,60

23602,2.33,0.00,60,2.89,44.38,60

23619,2.33,0.00,60,2.89,44.38,60

23635,2.33,0.00,60,2.89,44.38,60

23651,2.33,0.00,60,2.89,44.38,60

23667,2.33,0.00,60,2.89,44.40,60

23684,2.33,0.00,60,2.89,44.40,60

23701,2.33,0.00,60,2.89,44.40,60

23721,2.33,0.00,60,2.89,44.40,60

23734,2.33,0.00,60,2.89,44.40,60

23753,2.33,0.00,60,2.89,44.42,60

23767,2.33,0.00,60,2.89,44.42,60

23785,2.33,0.00,60,2.89,44.42,60

23800,2.33,0.00,60,2.89,44.42,60

23818,2.33,0.00,60,2.89,44.42,60

23835,2.33,0.00,60,2.98,44.45,60

23854,2.33,0.00,60,2.98,44.45,60

23869,2.33,0.00,60,2.98,44.45,60

23884,2.33,0.00,60,2.98,44.45,60

23903,2.33,0.00,60,2.98,44.45,60

23918,2.33,0.00,60,2.98,43.62,60

23934,2.33,0.00,60,2.98,43.62,60

23953,2.33,0.00,60,2.98,43.62,60

23967,2.33,0.00,60,2.98,43.62,60

23987,2.33,0.00,60,2.98,43.62,60

24000,2.33,0.00,60,2.98,43.62,60

24020,2.33,0.00,60,2.98,43.62,60

24037,2.33,0.00,60,2.98,43.62,60

24051,2.33,0.00,60,2.98,43.62,60

24068,2.33,0.00,60,2.98,43.62,60

24086,2.33,0.00,60,2.98,43.63,60

24101,2.33,0.00,60,2.98,43.63,60

24118,2.69,0.00,60,2.98,43.63,60

24136,2.69,0.00,60,2.98,43.63,60

24151,2.69,0.00,60,2.98,43.63,60

24169,2.69,0.00,60,2.98,43.63,60

24185,2.69,0.00,60,2.98,43.63,60

24200,2.69,0.00,60,2.98,43.63,60

24219,2.69,0.00,60,2.98,43.63,60

24237,2.69,0.00,60,2.98,43.63,60

24250,2.69,0.00,60,2.98,43.64,60

24270,2.69,0.00,60,2.98,43.64,60

24286,2.69,0.00,60,2.98,43.64,60

24300,2.69,0.00,60,2.98,43.64,60

24318,2.69,0.00,60,2.98,43.64,60

24334,2.69,0.00,60,2.98,43.64,60

24353,2.69,0.00,60,2.98,43.64,60

24367,2.69,0.00,60,2.98,43.64,60

24386,2.69,0.00,60,2.98,43.64,60

24402,2.69,0.00,60,2.98,43.64,60

24417,2.69,0.00,60,2.98,43.64,60

24437,2.69,0.00,60,2.98,43.64,60

24451,2.69,0.00,60,2.98,43.64,60

24467,2.69,0.00,60,2.98,43.64,60

24487,2.69,0.00,60,2.98,43.65,60

24503,2.69,0.00,60,2.98,43.65,60

24520,2.69,0.00,60,2.98,43.65,60

24535,2.69,0.00,60,2.98,43.65,60

24554,2.69,0.00,60,2.98,43.65,60

24569,2.69,0.00,60,2.98,43.65,60

24585,2.69,0.00,60,2.98,43.65,60

24600,2.69,0.00,60,2.95,43.65,60

24618,2.69,0.00,60,2.95,43.65,60

24634,2.69,0.00,60,2.95,43.65,60

24654,2.69,0.00,60,2.95,43.95,60

24667,2.69,0.00,60,2.95,43.95,60

24688,2.69,0.00,60,2.95,43.95,60

24701,2.69,0.00,60,2.95,43.95,60

24717,2.69,0.00,60,2.95,43.96,60

24734,2.69,0.00,60,2.95,43.96,60

24754,2.69,0.00,60,2.95,43.96,60

24769,2.69,0.00,60,2.95,43.96,60

24784,2.69,0.00,60,2.95,43.96,60

24803,2.69,0.00,60,2.95,43.97,60

24819,2.69,0.00,60,2.95,43.97,60

24836,2.69,0.00,60,2.95,43.97,60

24853,2.69,0.00,60,2.95,43.97,60

24868,2.69,0.00,60,2.95,43.97,60

24884,2.69,0.00,60,2.95,43.98,60

24903,2.69,0.00,60,2.95,43.98,60

24917,2.69,0.00,60,2.95,43.98,60

24935,2.69,0.00,60,2.95,43.98,60

24954,2.69,0.00,60,2.95,43.98,60

24967,2.69,0.00,60,2.95,43.99,60

24986,2.69,0.00,60,2.95,43.99,60

25001,2.69,0.00,60,2.95,43.99,60

25017,2.69,0.00,60,2.95,43.99,60

25036,2.69,0.00,60,2.95,44.00,60

25053,2.69,0.00,60,2.95,44.00,60

25070,2.69,0.00,60,2.95,44.00,60

25085,2.69,0.00,60,2.95,44.00,60

25103,2.69,0.00,60,2.95,44.00,60

25118,2.69,0.00,60,2.95,44.01,60

25134,2.69,0.00,60,2.95,44.01,60

25154,2.69,0.00,60,2.95,44.01,60

25169,2.69,0.00,60,2.95,44.01,60

25183,2.69,0.00,60,2.95,44.01,60

25202,2.69,0.00,60,2.95,44.02,60

25220,2.69,0.00,60,2.95,44.02,60

25235,2.69,0.00,60,2.95,44.02,60

25253,2.00,0.00,60,2.95,44.02,60

25268,2.00,0.00,60,2.95,44.02,60

25286,2.00,0.00,60,2.95,44.03,60

25303,2.00,0.00,60,2.95,44.03,60

25319,2.00,0.00,60,2.95,44.03,60

25336,2.00,0.00,60,2.95,44.03,60

25351,2.00,0.00,60,2.95,44.04,60

25368,2.00,0.00,60,2.95,44.04,60

25384,2.00,0.00,60,2.95,44.04,60

25404,2.00,0.00,60,2.87,44.04,60

25418,2.00,0.00,60,2.87,44.04,60

25434,2.00,0.00,60,2.87,44.89,60

25453,2.00,0.00,60,2.87,44.89,60

25467,2.00,0.00,60,2.87,44.89,60

25487,2.00,0.00,60,2.87,44.89,60

25503,2.00,0.00,60,2.87,44.89,60

25519,2.00,0.00,60,2.87,44.91,60

25533,2.00,0.00,60,2.87,44.91,60

25553,2.00,0.00,60,2.87,44.91,60

25567,2.00,0.00,60,2.87,44.91,60

25585,2.00,0.00,60,2.87,44.91,60

25603,2.00,0.00,60,2.87,44.94,60

25618,2.00,0.00,60,2.87,44.94,60

25636,2.00,0.00,60,2.87,44.94,60

25650,2.00,0.00,60,2.87,44.94,60

25670,2.00,0.00,60,2.87,44.97,60

25684,2.00,0.00,60,2.87,44.97,60

25703,2.00,0.00,60,2.87,44.97,60

25719,2.00,0.00,60,2.87,44.97,60

25736,2.00,0.00,60,2.87,44.97,60

25751,2.00,0.00,60,2.87,44.99,60

25771,2.00,0.00,60,2.87,44.99,60

25783,2.00,0.00,60,2.87,44.99,60

25804,2.00,0.00,60,2.87,44.99,60

25819,2.00,0.00,60,2.87,44.99,60

25835,2.00,0.00,60,2.87,45.02,60

25853,2.00,0.00,60,2.87,45.02,60

25867,2.00,0.00,60,2.87,45.02,60

25884,2.00,0.00,60,2.87,45.02,60

25903,2.00,0.00,60,2.87,45.02,60

25918,2.00,0.00,60,2.87,45.05,60

25937,2.00,0.00,60,2.87,45.05,60

25953,2.00,0.00,60,2.87,45.05,60

25967,2.00,0.00,60,2.87,45.05,60

25983,2.00,0.00,60,2.87,45.08,60

26004,2.00,0.00,60,2.87,45.08,60

26019,2.00,0.00,60,2.87,45.08,60

26035,2.00,0.00,60,2.87,45.08,60

26052,2.00,0.00,60,2.87,45.08,60

26068,2.00,0.00,60,2.87,45.10,60

26085,2.00,0.00,60,2.87,45.10,60

26100,2.00,0.00,60,2.87,45.10,60

26121,2.00,0.00,60,2.87,45.10,60

26133,2.00,0.00,60,2.87,45.10,60

26153,2.00,0.00,60,2.87,45.13,60

26168,2.00,0.00,60,2.95,45.13,60

26187,2.00,0.00,60,2.95,45.13,60

26203,2.00,0.00,60,2.95,45.13,60

26218,2.00,0.00,60,2.95,45.13,60

26234,2.00,0.00,60,2.95,44.32,60

26254,2.00,0.00,60,2.95,44.32,60

26270,2.00,0.00,60,2.95,44.32,60

26284,2.00,0.00,60,2.95,44.32,60

26303,2.00,0.00,60,2.95,44.33,60

26318,2.00,0.00,60,2.95,44.33,60

26334,2.00,0.00,60,2.95,44.33,60

26353,2.00,0.00,60,2.95,44.33,60

26367,2.00,0.00,60,2.95,44.33,60

26386,2.00,0.00,60,2.95,44.34,60

26400,2.00,0.00,60,2.95,44.34,60

26418,1.90,0.00,60,2.95,44.34,60

26435,1.90,0.00,60,2.95,44.34,60

26453,1.90,0.00,60,2.95,44.34,60

26468,1.90,0.00,60,2.95,44.35,60

26486,1.90,0.00,60,2.95,44.35,60

26503,1.90,0.00,60,2.95,44.35,60

26518,1.90,0.00,60,2.95,44.35,60

26534,1.90,0.00,60,2.95,44.35,60

26554,1.90,0.00,60,2.95,44.36,60

26567,1.90,0.00,60,2.95,44.36,60

26584,1.90,0.00,60,2.95,44.36,60

26605,1.90,0.00,60,2.95,44.36,60

26620,1.90,0.00,60,2.95,44.36,60

26636,1.90,0.00,60,2.95,44.37,60

26653,1.90,0.00,60,2.95,44.37,60

26669,1.90,0.00,60,2.95,44.37,60

26687,1.90,0.00,60,2.95,44.37,60

26702,1.90,0.00,60,2.95,44.37,60

26720,1.90,0.00,60,2.95,44.38,60

26735,1.90,0.00,60,2.95,44.38,60

26753,1.90,0.00,60,2.95,44.38,60

26768,1.90,0.00,60,2.95,44.38,60

26785,1.90,0.00,60,2.95,44.38,60

26804,1.90,0.00,60,2.95,44.39,60

26818,1.90,0.00,60,2.95,44.39,60

26837,1.90,0.00,60,2.95,44.39,60

26850,1.90,0.00,60,2.95,44.39,60

26868,1.90,0.00,60,2.95,44.40,60

26887,1.90,0.00,60,2.95,44.40,60

26904,1.90,0.00,60,2.95,44.40,60

26918,1.90,0.00,60,2.95,44.40,60

26937,1.90,0.00,60,2.95,44.40,60

26951,1.90,0.00,60,2.95,44.41,60

26969,1.90,0.00,60,2.79,44.41,60

26985,1.90,0.00,60,2.79,44.41,60

27004,1.90,0.00,60,2.79,44.41,60

27018,1.90,0.00,60,2.79,44.41,60

27035,1.90,0.00,60,2.79,46.05,60

27053,1.90,0.00,60,2.79,46.05,60

27067,1.90,0.00,60,2.79,46.05,60

27085,1.90,0.00,60,2.79,46.05,60

27104,1.90,0.00,60,2.79,46.05,60

27119,1.90,0.00,60,2.79,46.09,60

27134,1.90,0.00,60,2.79,46.09,60

27153,1.90,0.00,60,2.79,46.09,60

27170,1.90,0.00,60,2.79,46.09,60

27185,1.90,0.00,60,2.79,46.13,60

27203,1.90,0.00,60,2.79,46.13,60

27220,2.87,0.00,60,2.79,46.13,60

27234,2.87,0.00,60,2.79,46.13,60

27253,2.87,0.00,60,2.79,46.13,60

27268,2.87,0.00,60,2.79,46.18,60

27286,2.87,0.00,60,2.79,46.18,60

27303,2.87,0.00,60,2.79,46.18,60

27317,2.87,0.00,60,2.79,46.18,60

27337,2.87,0.00,60,2.79,46.18,60

27350,2.87,0.00,60,2.79,46.22,60

27370,2.87,0.00,60,2.79,46.22,60

27384,2.87,0.00,60,2.79,46.22,60

27404,2.87,0.00,60,2.79,46.22,60

27418,2.87,0.00,60,2.79,46.22,60

27436,2.87,0.00,60,2.79,46.26,60

27454,2.87,0.00,60,2.79,46.26,60

27469,2.87,0.00,60,2.79,46.26,60

27485,2.87,0.00,60,2.79,46.26,60

27504,2.87,0.00,60,2.79,46.30,60

27518,2.87,0.00,60,2.79,46.30,60

27536,2.87,0.00,60,2.79,46.30,60

27553,2.87,0.00,60,2.79,46.30,60

27567,2.87,0.00,60,2.79,46.30,60

27585,2.87,0.00,60,2.79,46.35,60

27604,2.87,0.00,60,2.79,46.35,60

27619,2.87,0.00,60,2.79,46.35,60

27637,2.87,0.00,60,2.79,46.35,60

27653,2.87,0.00,60,2.79,46.35,60

27668,2.87,0.00,60,2.79,46.39,60

27685,2.87,0.00,60,2.79,46.39,60

27703,2.87,0.00,60,2.79,46.39,60

27720,2.87,0.00,60,2.79,46.39,60

27735,2.87,0.00,60,2.79,46.39,60

27754,2.87,0.00,60,2.89,45.37,60

27768,2.87,0.00,60,2.89,45.37,60

27784,2.87,0.00,60,2.89,45.37,60

27803,2.87,0.00,60,2.89,45.37,60

27817,2.87,0.00,60,2.89,45.39,60

27835,2.87,0.00,60,2.89,45.39,60

27853,2.87,0.00,60,2.89,45.39,60

27867,2.87,0.00,60,2.89,45.39,60

27886,2.87,0.00,60,2.89,45.39,60

27903,2.87,0.00,60,2.89,45.41,60

27917,2.87,0.00,60,2.89,45.41,60

27934,2.87,0.00,60,2.89,45.41,60

27952,2.87,0.00,60,2.89,45.41,60

27967,2.87,0.00,60,2.89,45.41,60

27988,2.87,0.00,60,2.89,45.43,60

28002,2.87,0.00,60,2.89,45.43,60

28018,2.87,0.00,60,2.89,45.43,60

28033,2.76,0.00,60,2.89,45.43,60

28052,2.76,0.00,60,2.89,45.43,60

28069,2.76,0.00,60,2.89,45.45,60

28086,2.76,0.00,60,2.89,45.45,60

28103,2.76,0.00,60,2.89,45.45,60

28120,2.76,0.00,60,2.89,45.45,60

28136,2.76,0.00,60,2.89,45.47,60

28151,2.76,0.00,60,2.89,45.47,60

28169,2.76,0.00,60,2.89,45.47,60

28187,2.76,0.00,60,2.89,45.47,60

28202,2.76,0.00,60,2.89,45.47,60

28217,2.76,0.00,60,2.89,45.50,60

28235,2.76,0.00,60,2.89,45.50,60

28254,2.76,0.00,60,2.89,45.50,60

28267,2.76,0.00,60,2.89,45.50,60

28284,2.76,0.00,60,2.89,45.50,60

28304,2.76,0.00,60,2.89,45.52,60

28317,2.76,0.00,60,2.89,45.52,60

28335,2.76,0.00,60,2.89,45.52,60

28354,2.76,0.00,60,2.89,45.52,60

28368,2.76,0.00,60,2.89,45.52,60

28388,2.76,0.00,60,2.89,45.54,60

28403,2.76,0.00,60,3.36,45.54,60

28420,2.76,0.00,60,3.36,45.54,60

28434,2.76,0.00,60,3.36,45.54,60

28454,2.76,0.00,60,3.36,40.75,60

28467,2.76,0.00,60,3.36,40.75,60

28485,2.76,0.00,60,3.36,40.75,60

