0,.00,9.00,80,0.00,9.00,80

19,0.00,9.00,80,0.00,9.00,880,0.00,9.00,80

34,0.00,9�,80,0.00,9.00,80

51,0.00,9.00,80,0.00,9.00,80

68,0.00,9.00,80,0.00,9.00,80

85,0.00,9.00,80,0.00,9.00,80

102,0.00,9.00,80,0.00,9.00,80

1534,0.00,9�KpA,KiA,KdA,setpointA,FEEDFWDA,KpB,KiB,KdB,setpointB,FEEDFWDB

1554,1.00,0.00,0.00,1.50,80,1.00,0.00,0.00,1.50,80

1569,inputA,outputA,a_adjust,inputB,outputB,b_adjust

1585,0.00,1.50,80,0.00,1.50,80

1603,0.00,1.50,80,0.00,1.50,80

1620,0.00,1.50,80,0.00,1.50,80

1635,0.00,1.50,80,0.00,1.50,80

1652,0.00,1.50,80,0.00,1.50,80

1669,0.00,1.50,80,0.00,1.50,80

1685,0.00,1.50,80,0.00,1.50,80

1703,0.00,1.50,80,0.00,1.50,80

1720,0.00,1.50,80,0.00,1.50,80

1734,0.00,1.50,80,0.00,1.50,80

1751,0.00,1.50,80,0.00,1.50,80

1771,0.00,1.50,80,0.00,1.50,80

1786,0.00,1.50,80,0.00,1.50,80

1801,0.00,1.50,80,0.00,1.50,80

1821,0.00,1.50,80,0.00,1.50,80

1836,0.00,1.50,80,0.00,1.50,80

1852,0.00,1.50,80,0.00,1.50,80

1870,0.00,1.50,80,0.00,1.50,80

1885,0.00,1.50,80,0.00,1.50,80

1901,0.00,1.50,80,0.00,1.50,80

1919,0.00,1.50,80,0.00,1.50,80

1934,0.00,1.50,80,0.00,1.50,80

1952,0.00,1.50,80,0.00,1.50,80

1968,0.00,1.50,80,0.00,1.50,80

1987,0.00,1.50,80,0.00,1.50,80

2002,0.00,1.50,80,0.00,1.50,80

2020,0.00,1.50,80,0.00,1.50,80

2035,0.00,1.50,80,0.00,1.50,80

2053,0.00,1.50,80,0.00,1.50,80

2071,0.00,1.50,80,0.00,1.50,80

2086,0.00,1.50,80,0.00,1.50,80

2103,0.00,1.50,80,0.00,1.50,80

2119,0.00,1.50,80,0.00,1.50,80

2137,0.00,1.50,80,0.00,1.50,80

2153,0.00,1.50,80,0.00,1.50,80

2171,0.00,1.50,80,0.00,1.50,80

2186,0.00,1.50,80,0.00,1.50,80

2202,0.00,1.50,80,0.00,1.50,80

2220,0.00,1.50,80,0.00,1.50,80

2236,0.00,1.50,80,0.00,1.50,80

2254,0.00,1.50,80,0.00,1.50,80

2269,0.00,1.50,80,0.00,1.50,80

2288,0.00,1.50,80,0.00,1.50,80

2302,0.00,1.50,80,0.00,1.50,80

2319,0.00,1.50,80,0.00,1.50,80

2337,0.00,1.50,80,0.00,1.50,80

2352,0.00,1.50,80,0.00,1.50,80

2369,0.00,1.50,80,0.00,1.50,80

2387,0.00,1.50,80,0.00,1.50,80

2401,0.00,1.50,80,0.00,1.50,80

2418,0.00,1.50,80,0.00,1.50,80

2436,0.00,1.50,80,0.00,1.50,80

2452,0.00,1.50,80,0.00,1.50,80

2468,0.00,1.50,80,0.00,1.50,80

2486,0.00,1.50,80,0.00,1.50,80

2502,0.00,1.50,80,0.00,1.50,80

2520,0.00,1.50,80,0.00,1.50,80

2536,0.00,1.50,80,0.00,1.50,80

2554,0.00,1.50,80,0.00,1.50,80

2569,0.00,1.50,80,0.00,1.50,80

2585,0.00,1.50,80,0.00,1.50,80

2602,0.00,1.50,80,0.00,1.50,80

2619,0.00,1.50,80,0.00,1.50,80

2635,0.00,1.50,80,0.00,1.50,80

2651,0.00,1.50,80,0.00,1.50,80

2668,0.00,1.50,80,0.00,1.50,80

2686,0.00,1.50,80,0.00,1.50,80

2702,0.00,1.50,80,0.00,1.50,80

2718,0.00,1.50,80,0.00,1.50,80

2735,0.00,1.50,80,0.00,1.50,80

2753,0.00,1.50,80,0.00,1.50,80

2770,0.00,1.50,80,0.00,1.50,80

2786,0.00,1.50,80,0.00,1.50,80

2802,0.00,1.50,80,0.00,1.50,80

2820,0.00,1.50,80,0.00,1.50,80

2835,0.00,1.50,80,0.00,1.50,80

2853,0.00,1.50,80,0.00,1.50,80

2869,0.00,1.50,80,0.00,1.50,80

2886,0.00,1.50,80,0.00,1.50,80

2904,0.00,1.50,80,0.00,1.50,80

2919,0.00,1.50,80,0.00,1.50,80

2935,0.00,1.50,80,0.00,1.50,80

2952,0.00,1.50,80,0.00,1.50,80

2968,0.00,1.50,80,0.00,1.50,80

2986,0.00,1.50,80,0.00,1.50,80

3001,0.00,1.50,80,0.00,1.50,80

3020,0.00,1.50,80,0.00,1.50,80

3036,0.00,1.50,80,0.00,1.50,80

3054,0.00,1.50,80,0.00,1.50,80

3069,0.00,1.50,80,0.00,1.50,80

3085,0.00,1.50,80,0.00,1.50,80

3102,0.00,1.50,80,0.00,1.50,80

3119,0.00,1.50,80,0.00,1.50,80

3136,0.00,1.50,80,0.00,1.50,80

3152,0.00,1.50,80,0.00,1.50,80

3170,0.00,1.50,80,0.00,1.50,80

3185,0.00,1.50,80,0.00,1.50,80

3202,0.00,1.50,80,0.00,1.50,80

3218,0.00,1.50,80,0.00,1.50,80

3236,0.00,1.50,80,0.00,1.50,80

3253,0.00,1.50,80,0.00,1.50,80

3269,0.00,1.50,80,0.00,1.50,80

3286,0.00,1.50,80,0.00,1.50,80

3301,0.00,1.50,80,0.00,1.50,80

3321,0.00,1.50,80,0.00,1.50,80

3336,0.00,1.50,80,0.00,1.50,80

3354,0.00,1.50,80,0.00,1.50,80

3369,0.00,1.50,80,0.00,1.50,80

3385,0.00,1.50,80,0.00,1.50,80

3404,0.00,1.50,80,0.00,1.50,80

3419,0.00,1.50,80,0.00,1.50,80

3436,0.00,1.50,80,0.00,1.50,80

3453,0.00,1.50,80,0.00,1.50,80

3470,0.00,1.50,80,0.00,1.50,80

3486,0.00,1.50,80,0.00,1.50,80

3503,0.00,1.50,80,0.00,1.50,80

3519,0.00,1.50,80,0.00,1.50,80

3536,0.00,1.50,80,0.00,1.50,80

3553,0.00,1.50,80,0.00,1.50,80

3569,0.00,1.50,80,0.00,1.50,80

3586,0.00,1.50,80,0.00,1.50,80

3604,0.00,1.50,80,0.00,1.50,80

3619,0.00,1.50,80,0.00,1.50,80

3635,0.00,1.50,80,0.00,1.50,80

3654,0.00,1.50,80,0.00,1.50,80

3670,0.00,1.50,80,0.00,1.50,80

3687,0.00,1.50,80,0.00,1.50,80

3702,0.00,1.50,80,0.00,1.50,80

3719,0.00,1.50,80,0.00,1.50,80

3736,0.00,1.50,80,0.00,1.50,80

3751,0.00,1.50,80,0.00,1.50,80

3769,0.00,1.50,80,0.00,1.50,80

3786,0.00,1.50,80,0.00,1.50,80

3803,0.00,1.50,80,0.00,1.50,80

3820,0.00,1.50,80,0.00,1.50,80

3835,0.00,1.50,80,0.00,1.50,80

3852,0.00,1.50,80,0.00,1.50,80

3869,0.00,1.50,80,0.00,1.50,80

3886,0.00,1.50,80,0.00,1.50,80

3903,0.00,1.50,80,0.00,1.50,80

3918,0.00,1.50,80,0.00,1.50,80

3937,0.00,1.50,80,0.00,1.50,80

3953,0.00,1.50,80,0.00,1.50,80

3970,0.00,1.50,80,0.00,1.50,80

3986,0.00,1.50,80,0.00,1.50,80

4004,0.00,1.50,80,0.00,1.50,80

4018,0.00,1.50,80,0.00,1.50,80

4036,0.00,1.50,80,0.00,1.50,80

4051,0.00,1.50,80,0.00,1.50,80

4068,0.00,1.50,80,0.00,1.50,80

4088,0.00,1.50,80,0.00,1.50,80

4102,0.00,1.50,80,0.00,1.50,80

4119,0.00,1.50,80,0.00,1.50,80

4135,0.00,1.50,80,0.00,1.50,80

4152,0.00,1.50,80,0.00,1.50,80

4169,0.00,1.50,80,0.00,1.50,80

4185,0.00,1.50,80,0.00,1.50,80

4204,0.00,1.50,80,0.00,1.50,80

4220,0.00,1.50,80,0.00,1.50,80

4235,0.00,1.50,80,0.00,1.50,80

4253,0.00,1.50,80,0.00,1.50,80

4270,0.00,1.50,80,0.00,1.50,80

4286,0.00,1.50,80,0.00,1.50,80

4302,0.00,1.50,80,0.00,1.50,80

4320,0.00,1.50,80,0.00,1.50,80

4335,0.00,1.50,80,0.00,1.50,80

4352,0.00,1.50,80,0.00,1.50,80

4370,0.00,1.50,80,0.00,1.50,80

4386,0.00,1.50,80,0.00,1.50,80

4401,0.00,1.50,80,0.00,1.50,80

4419,0.00,1.50,80,0.00,1.50,80

4436,0.00,1.50,80,0.00,1.50,80

4452,0.00,1.50,80,0.00,1.50,80

4471,0.00,1.50,80,0.00,1.50,80

4486,0.00,1.50,80,0.00,1.50,80

4503,0.00,1.50,80,0.00,1.50,80

4518,0.00,1.50,80,0.00,1.50,80

4538,0.00,1.50,80,0.00,1.50,80

4551,0.00,1.50,80,0.00,1.50,80

4571,0.00,1.50,80,0.00,1.50,80

4587,0.00,1.50,80,0.00,1.50,80

4602,0.00,1.50,80,0.00,1.50,80

4619,0.00,1.50,80,0.00,1.50,80

4635,0.00,1.50,80,0.00,1.50,80

4651,0.00,1.50,80,0.00,1.50,80

4671,0.00,1.50,80,0.00,1.50,80

4687,0.00,1.50,80,0.00,1.50,80

4703,0.00,1.50,80,0.00,1.50,80

4719,0.00,1.50,80,0.00,1.50,80

4736,0.00,1.50,80,0.00,1.50,80

4752,0.00,1.50,80,0.00,1.50,80

4769,0.00,1.50,80,0.00,1.50,80

4787,0.00,1.50,80,0.00,1.50,80

4802,0.00,1.50,80,0.00,1.50,80

4820,0.00,1.50,80,0.00,1.50,80

4835,0.00,1.50,80,0.00,1.50,80

4854,0.00,1.50,80,0.00,1.50,80

4868,0.00,1.50,80,0.00,1.50,80

4886,0.00,1.50,80,0.00,1.50,80

4903,0.00,1.50,80,0.00,1.50,80

4919,0.00,1.50,80,0.00,1.50,80

4936,0.00,1.50,80,0.00,1.50,80

4952,0.00,1.50,80,0.00,1.50,80

4971,0.00,1.50,80,0.00,1.50,80

4986,0.00,1.50,80,0.00,1.50,80

5004,0.00,1.50,80,0.00,1.50,80

5018,0.00,1.50,80,0.00,1.50,80

5036,0.00,1.50,80,0.00,1.50,80

5054,0.00,1.50,80,0.00,1.50,80

5069,0.00,1.50,80,0.00,1.50,80

5086,0.00,1.50,80,0.00,1.50,80

5102,0.00,1.50,80,0.00,1.50,80

5121,0.00,1.50,80,0.00,1.50,80

5135,0.00,1.50,80,0.00,1.50,80

5153,0.00,1.50,80,0.00,1.50,80

5169,0.00,1.50,80,0.00,1.50,80

5186,0.00,1.50,80,0.00,1.50,80

5203,0.00,1.50,80,0.00,1.50,80

5218,0.00,1.50,80,0.00,1.50,80

5237,0.00,1.50,80,0.00,1.50,80

5251,0.00,1.50,80,0.00,1.50,80

5268,0.00,1.50,80,0.00,1.50,80

5285,0.00,1.50,80,0.00,1.50,80

5301,0.00,1.50,80,0.00,1.50,80

5319,0.00,1.50,80,0.00,1.50,80

5336,0.00,1.50,80,0.00,1.50,80

5354,0.00,1.50,80,0.00,1.50,80

5369,0.00,1.50,80,0.00,1.50,80

5385,0.00,1.50,80,0.00,1.50,80

5403,0.00,1.50,80,0.00,1.50,80

5420,0.00,1.50,80,0.00,1.50,80

5436,0.00,1.50,80,0.00,1.50,80

5452,0.00,1.50,80,0.00,1.50,80

5470,0.00,1.50,80,0.00,1.50,80

5486,0.00,1.50,80,0.00,1.50,80

5504,0.00,1.50,80,0.00,1.50,80

5519,0.00,1.50,80,0.00,1.50,80

5536,0.00,1.50,80,0.00,1.50,80

5552,0.00,1.50,80,0.00,1.50,80

5569,0.00,1.50,80,0.00,1.50,80

5585,0.00,1.50,80,0.00,1.50,80

5603,0.00,1.50,80,0.00,1.50,80

5620,0.00,1.50,80,0.00,1.50,80

5635,0.00,1.50,80,0.00,1.50,80

5653,0.00,1.50,80,0.00,1.50,80

5669,0.00,1.50,80,0.00,1.50,80

5686,0.00,1.50,80,0.00,1.50,80

5703,0.00,1.50,80,0.00,1.50,80

5719,0.00,1.50,80,0.00,1.50,80

5736,0.00,1.50,80,0.00,1.50,80

5753,0.00,1.50,80,0.00,1.50,80

5771,0.00,1.50,80,0.00,1.50,80

5785,0.00,1.50,80,0.00,1.50,80

5803,0.00,1.50,80,0.00,1.50,80

5820,0.00,1.50,80,0.00,1.50,80

5836,0.00,1.50,80,0.00,1.50,80

5852,0.00,1.50,80,0.00,1.50,80

5870,0.00,1.50,80,0.00,1.50,80

5886,0.00,1.50,80,0.00,1.50,80

5903,0.00,1.50,80,0.00,1.50,80

5919,0.00,1.50,80,0.00,1.50,80

5936,0.00,1.50,80,0.00,1.50,80

5953,0.00,1.50,80,0.00,1.50,80

5968,0.00,1.50,80,0.00,1.50,80

5986,0.00,1.50,80,0.00,1.50,80

6004,0.00,1.50,80,0.00,1.50,80

6019,0.00,1.50,80,0.00,1.50,80

6036,0.00,1.50,80,0.00,1.50,80

6053,0.00,1.50,80,0.00,1.50,80

6071,0.00,1.50,80,0.00,1.50,80

6086,0.00,1.50,80,0.00,1.50,80

6103,0.00,1.50,80,0.00,1.50,80

6120,0.00,1.50,80,0.00,1.50,80

6136,0.00,1.50,80,0.00,1.50,80

6154,0.00,1.50,80,0.00,1.50,80

6170,0.00,1.50,80,0.00,1.50,80

6187,0.00,1.50,80,0.00,1.50,80

6202,0.00,1.50,80,0.00,1.50,80

6218,0.00,1.50,80,0.00,1.50,80

6236,0.00,1.50,80,0.00,1.50,80

6251,0.00,1.50,80,0.00,1.50,80

6270,0.00,1.50,80,0.00,1.50,80

6285,0.00,1.50,80,0.00,1.50,80

6303,0.00,1.50,80,0.00,1.50,80

6320,0.00,1.50,80,0.00,1.50,80

6336,0.00,1.50,80,0.00,1.50,80

6354,0.00,1.50,80,0.00,1.50,80

6369,0.00,1.50,80,0.00,1.50,80

6387,0.00,1.50,80,0.00,1.50,80

6403,0.00,1.50,80,0.00,1.50,80

6421,0.00,1.50,80,0.00,1.50,80

6435,0.00,1.50,80,0.00,1.50,80

6452,0.00,1.50,80,0.00,1.50,80

6469,0.00,1.50,80,0.00,1.50,80

6486,0.00,1.50,80,0.00,1.50,80

6503,0.00,1.50,80,0.00,1.50,80

6520,0.00,1.50,80,0.00,1.50,80

6538,0.00,1.50,80,0.00,1.50,80

6552,0.00,1.50,80,0.00,1.50,80

6571,0.00,1.50,80,0.00,1.50,80

6586,0.00,1.50,80,0.00,1.50,80

6602,0.00,1.50,80,0.00,1.50,80

6620,0.00,1.50,80,0.00,1.50,80

6636,0.00,1.50,80,0.00,1.50,80

6654,0.00,1.50,80,0.00,1.50,80

6670,0.00,1.50,80,0.00,1.50,80

6686,0.00,1.50,80,0.00,1.50,80

6703,0.00,1.50,80,0.00,1.50,80

6721,0.00,1.50,80,0.00,1.50,80

6736,0.00,1.50,80,0.00,1.50,80

6751,0.00,1.50,80,0.00,1.50,80

6770,0.00,1.50,80,0.00,1.50,80

6786,0.00,1.50,80,0.00,1.50,80

6804,0.00,1.50,80,0.00,1.50,80

6819,0.00,1.50,80,0.00,1.50,80

6834,0.00,1.50,80,0.00,1.50,80

6852,0.00,1.50,80,0.00,1.50,80

6869,0.00,1.50,80,0.00,1.50,80

6886,0.00,1.50,80,0.00,1.50,80

6901,0.00,1.50,80,0.00,1.50,80

6920,0.00,1.50,80,0.00,1.50,80

6937,0.00,1.50,80,0.00,1.50,80

6952,0.00,1.50,80,0.00,1.50,80

6970,0.00,1.50,80,0.00,1.50,80

6985,0.00,1.50,80,0.00,1.50,80

7003,0.00,1.50,80,0.00,1.50,80

7019,0.00,1.50,80,0.00,1.50,80

7037,0.00,1.50,80,0.00,1.50,80

7052,0.00,1.50,80,0.00,1.50,80

7071,0.00,1.50,80,0.00,1.50,80

7085,0.00,1.50,80,0.00,1.50,80

7103,0.00,1.50,80,0.00,1.50,80

7119,0.00,1.50,80,0.00,1.50,80

7138,0.00,1.50,80,0.00,1.50,80

7153,0.00,1.50,80,0.00,1.50,80

7170,0.00,1.50,80,0.00,1.50,80

7188,0.00,1.50,80,0.00,1.50,80

7208,0.00,1.50,80,0.00,1.50,80

7223,0.00,1.50,80,0.00,1.50,80

7235,0.00,1.50,80,0.00,1.50,80

7251,0.00,1.50,80,0.00,1.50,80

7272,0.00,1.50,80,0.00,1.50,80

7287,0.00,1.50,80,0.00,1.50,80

7303,0.00,1.50,80,0.00,1.50,80

7317,0.00,1.50,80,0.00,1.50,80

7337,0.00,1.50,80,0.00,1.50,80

7353,0.00,1.50,80,0.00,1.50,80

7369,0.00,1.50,80,0.00,1.50,80

7386,0.00,1.50,80,0.00,1.50,80

7401,0.00,1.50,80,0.00,1.50,80

7421,0.00,1.50,80,0.00,1.50,80

7436,0.00,1.50,80,0.00,1.50,80

7454,0.00,1.50,80,0.00,1.50,80

7469,0.00,1.50,80,0.00,1.50,80

7486,0.00,1.50,80,0.00,1.50,80

7502,0.00,1.50,80,0.00,1.50,80

7520,0.00,1.50,80,0.00,1.50,80

7536,0.00,1.50,80,0.00,1.50,80

7552,0.00,1.50,80,0.00,1.50,80

7570,0.00,1.50,80,0.00,1.50,80

7586,0.00,1.50,80,0.00,1.50,80

7602,0.00,1.50,80,0.00,1.50,80

7620,0.00,1.50,80,0.00,1.50,80

7636,0.00,1.50,80,0.00,1.50,80

7653,0.00,1.50,80,0.00,1.50,80

7668,0.00,1.50,80,0.00,1.50,80

7687,0.00,1.50,80,0.00,1.50,80

7703,0.00,1.50,80,0.00,1.50,80

7720,0.00,1.50,80,0.00,1.50,80

7737,0.00,1.50,80,0.00,1.50,80

7754,0.00,1.50,80,0.00,1.50,80

7769,0.00,1.50,80,0.00,1.50,80

7787,0.00,1.50,80,0.00,1.50,80

7804,0.00,1.50,80,0.00,1.50,80

7819,0.00,1.50,80,0.00,1.50,80

7837,0.00,1.50,80,0.00,1.50,80

7852,0.00,1.50,80,0.00,1.50,80

7869,0.00,1.50,80,0.00,1.50,80

7886,0.00,1.50,80,0.00,1.50,80

7902,0.00,1.50,80,0.00,1.50,80

7919,0.00,1.50,80,0.00,1.50,80

7935,0.00,1.50,80,0.00,1.50,80

7953,0.00,1.50,80,0.00,1.50,80

7969,0.00,1.50,80,0.00,1.50,80

7986,0.00,1.50,80,0.00,1.50,80

8002,0.00,1.50,80,0.00,1.50,80

8019,0.00,1.50,80,0.00,1.50,80

8037,0.00,1.50,80,0.00,1.50,80

8052,0.00,1.50,80,0.00,1.50,80

8071,0.00,1.50,80,0.00,1.50,80

8086,0.00,1.50,80,0.00,1.50,80

8104,0.00,1.50,80,0.00,1.50,80

8119,0.00,1.50,80,0.00,1.50,80

8136,0.00,1.50,80,0.00,1.50,80

8153,0.00,1.50,80,0.00,1.50,80

8170,0.00,1.50,80,0.00,1.50,80

8186,0.00,1.50,80,0.00,1.50,80

8203,0.00,1.50,80,0.00,1.50,80

8221,0.00,1.50,80,0.00,1.50,80

8237,0.00,1.50,80,0.00,1.50,80

8252,0.00,1.50,80,0.00,1.50,80

8269,0.00,1.50,80,0.00,1.50,80

8285,0.00,1.50,80,0.00,1.50,80

8304,0.00,1.50,80,0.00,1.50,80

8319,0.00,1.50,80,0.00,1.50,80

8337,0.00,1.50,80,0.00,1.50,80

8354,0.00,1.50,80,0.00,1.50,80

8369,0.00,1.50,80,0.00,1.50,80

8386,0.00,1.50,80,0.00,1.50,80

8402,0.00,1.50,80,0.00,1.50,80

8419,0.00,1.50,80,0.00,1.50,80

8434,0.00,1.50,80,0.00,1.50,80

8451,0.00,1.50,80,0.00,1.50,80

8470,0.00,1.50,80,0.00,1.50,80

8484,0.00,1.50,80,0.00,1.50,80

8501,0.00,1.50,80,0.00,1.50,80

8520,0.00,1.50,80,0.00,1.50,80

8536,0.00,1.50,80,0.00,1.50,80

8553,0.00,1.50,80,0.00,1.50,80

8570,0.00,1.50,80,0.00,1.50,80

8587,0.00,1.50,80,0.00,1.50,80

8605,0.00,1.50,80,0.00,1.50,80

8620,0.00,1.50,80,0.00,1.50,80

8636,0.00,1.50,80,0.00,1.50,80

8653,0.00,1.50,80,0.00,1.50,80

8669,0.00,1.50,80,0.00,1.50,80

8686,0.00,1.50,80,0.00,1.50,80

8704,0.00,1.50,80,0.00,1.50,80

8718,0.00,1.50,80,0.00,1.50,80

8736,0.00,1.50,80,0.00,1.50,80

8755,0.00,1.50,80,0.00,1.50,80

8770,0.00,1.50,80,0.00,1.50,80

8786,0.00,1.50,80,0.00,1.50,80

8802,0.00,1.50,80,0.00,1.50,80

8821,0.00,1.50,80,0.00,1.50,80

8837,0.00,1.50,80,0.00,1.50,80

8853,0.00,1.50,80,0.00,1.50,80

8871,0.00,1.50,80,0.00,1.50,80

8886,0.00,1.50,80,0.00,1.50,80

8903,0.00,1.50,80,0.00,1.50,80

8920,0.00,1.50,80,0.00,1.50,80

8936,0.00,1.50,80,0.00,1.50,80

8953,0.00,1.50,80,0.00,1.50,80

8969,0.00,1.50,80,0.00,1.50,80

8988,0.00,1.50,80,0.00,1.50,80

9002,0.00,1.50,80,0.00,1.50,80

9021,0.00,1.50,80,0.00,1.50,80

9035,0.00,1.50,80,0.00,1.50,80

9052,0.00,1.50,80,0.00,1.50,80

9070,0.00,1.50,80,0.00,1.50,80

9087,0.00,1.50,80,0.00,1.50,80

9103,0.00,1.50,80,0.00,1.50,80

9119,0.00,1.50,80,0.00,1.50,80

9138,0.00,1.50,80,0.00,1.50,80

9153,0.00,1.50,80,0.00,1.50,80

9168,0.00,1.50,80,0.00,1.50,80

9186,0.00,1.50,80,0.00,1.50,80

9203,0.00,1.50,80,0.00,1.50,80

9220,0.00,1.50,80,0.00,1.50,80

9236,0.00,1.50,80,0.00,1.50,80

9254,0.00,1.50,80,0.00,1.50,80

9269,0.00,1.50,80,0.00,1.50,80

9288,0.00,1.50,80,0.00,1.50,80

9303,0.00,1.50,80,0.00,1.50,80

9321,0.00,1.50,80,0.00,1.50,80

9336,0.00,1.50,80,0.00,1.50,80

9352,0.00,1.50,80,0.00,1.50,80

9370,0.00,1.50,80,0.00,1.50,80

9388,0.00,1.50,80,0.00,1.50,80

9403,0.00,1.50,80,0.00,1.50,80

9419,0.00,1.50,80,0.00,1.50,80

9436,0.00,1.50,80,0.00,1.50,80

9452,0.00,1.50,80,0.00,1.50,80

9470,0.00,1.50,80,0.00,1.50,80

9486,0.00,1.50,80,0.00,1.50,80

9503,0.00,1.50,80,0.00,1.50,80

9521,0.00,1.50,80,0.00,1.50,80

9535,0.00,1.50,80,0.00,1.50,80

9553,0.00,1.50,80,0.00,1.50,80

9571,0.00,1.50,80,0.00,1.50,80

9587,0.00,1.50,80,0.00,1.50,80

9603,0.00,1.50,80,0.00,1.50,80

9620,0.00,1.50,80,0.00,1.50,80

9637,0.00,1.50,80,0.00,1.50,80

9653,0.00,1.50,80,0.00,1.50,80

9669,0.00,1.50,80,0.00,1.50,80

9686,0.00,1.50,80,0.00,1.50,80

9702,0.00,1.50,80,0.00,1.50,80

9720,0.00,1.50,80,0.00,1.50,80

9736,0.00,1.50,80,0.00,1.50,80

9753,0.00,1.50,80,0.00,1.50,80

9769,0.00,1.50,80,0.00,1.50,80

9788,0.00,1.50,80,0.00,1.50,80

9802,0.00,1.50,80,0.00,1.50,80

9821,0.00,1.50,80,0.00,1.50,80

9836,0.00,1.50,80,0.00,1.50,80

9854,0.00,1.50,80,0.00,1.50,80

9870,0.00,1.50,80,0.00,1.50,80

9887,0.00,1.50,80,0.00,1.50,80

9904,0.00,1.50,80,0.00,1.50,80

9919,0.00,1.50,80,0.00,1.50,80

9936,0.00,1.50,80,0.00,1.50,80

9952,0.00,1.50,80,0.00,1.50,80

9970,0.00,1.50,80,0.00,1.50,80

9986,0.00,1.50,80,0.00,1.50,80

10002,0.00,1.50,80,0.00,1.50,80

10018,0.00,1.50,80,0.00,1.50,80

10037,0.00,1.50,80,0.00,1.50,80

10053,0.00,1.50,80,0.00,1.50,80

10070,0.00,1.50,80,0.00,1.50,80

10087,0.00,1.50,80,0.00,1.50,80

10103,0.00,1.50,80,0.00,1.50,80

10119,0.00,1.50,80,0.00,1.50,80

10135,0.00,1.50,80,0.00,1.50,80

10153,0.00,1.50,80,0.00,1.50,80

10170,0.00,1.50,80,0.00,1.50,80

10186,0.00,1.50,80,0.00,1.50,80

10202,0.00,1.50,80,0.00,1.50,80

10219,0.00,1.50,80,0.00,1.50,80

10238,0.00,1.50,80,0.00,1.50,80

10252,0.00,1.50,80,0.00,1.50,80

10270,0.00,1.50,80,0.00,1.50,80

10287,0.00,1.50,80,0.00,1.50,80

10303,0.00,1.50,80,0.00,1.50,80

10319,0.00,1.50,80,0.00,1.50,80

10336,0.00,1.50,80,0.00,1.50,80

10353,0.00,1.50,80,0.00,1.50,80

10368,0.00,1.50,80,0.00,1.50,80

10386,0.00,1.50,80,0.00,1.50,80

10404,0.00,1.50,80,0.00,1.50,80

10419,0.00,1.50,80,0.00,1.50,80

10438,0.00,1.50,80,0.00,1.50,80

10453,0.00,1.50,80,0.00,1.50,80

10470,0.00,1.50,80,0.00,1.50,80

10486,0.00,1.50,80,0.00,1.50,80

10503,0.00,1.50,80,0.00,1.50,80

10520,0.00,1.50,80,0.00,1.50,80

10536,0.00,1.50,80,0.00,1.50,80

10552,0.00,1.50,80,0.00,1.50,80

10571,0.00,1.50,80,0.00,1.50,80

10587,0.00,1.50,80,0.00,1.50,80

10603,0.00,1.50,80,0.00,1.50,80

10619,0.00,1.50,80,0.00,1.50,80

10636,0.00,1.50,80,0.00,1.50,80

10653,0.00,1.50,80,0.00,1.50,80

10671,0.00,1.50,80,0.00,1.50,80

10686,0.00,1.50,80,0.00,1.50,80

10703,0.00,1.50,80,0.00,1.50,80

10719,0.00,1.50,80,0.00,1.50,80

10736,0.00,1.50,80,0.00,1.50,80

10752,0.00,1.50,80,0.00,1.50,80

10769,0.00,1.50,80,0.00,1.50,80

10787,0.00,1.50,80,0.00,1.50,80

10803,0.00,1.50,80,0.00,1.50,80

10821,0.00,1.50,80,0.00,1.50,80

10836,0.00,1.50,80,0.00,1.50,80

10853,0.00,1.50,80,0.00,1.50,80

10871,0.00,1.50,80,0.00,1.50,80

10887,0.00,1.50,80,0.00,1.50,80

10905,0.00,1.50,80,0.00,1.50,80

10919,0.00,1.50,80,0.00,1.50,80

10937,0.00,1.50,80,0.00,1.50,80

10953,0.00,1.50,80,0.00,1.50,80

10969,0.00,1.50,80,0.00,1.50,80

10985,0.00,1.50,80,0.00,1.50,80

11003,0.00,1.50,80,0.00,1.50,80

11020,0.00,1.50,80,0.00,1.50,80

11038,0.00,1.50,80,0.00,1.50,80

11053,0.00,1.50,80,0.00,1.50,80

11070,0.00,1.50,80,0.00,1.50,80

11086,0.00,1.50,80,0.00,1.50,80

11102,0.00,1.50,80,0.00,1.50,80

11119,0.00,1.50,80,0.00,1.50,80

11136,0.00,1.50,80,0.00,1.50,80

11153,0.00,1.50,80,0.00,1.50,80

11170,0.00,1.50,80,0.00,1.50,80

11187,0.00,1.50,80,0.00,1.50,80

11203,0.00,1.50,80,0.00,1.50,80

11221,0.00,1.50,80,0.00,1.50,80

11236,0.00,1.50,80,0.00,1.50,80

11253,0.00,1.50,80,0.00,1.50,80

11269,0.00,1.50,80,0.00,1.50,80

11287,0.00,1.50,80,0.00,1.50,80

11303,0.00,1.50,80,0.00,1.50,80

11320,0.00,1.50,80,0.00,1.50,80

11337,0.00,1.50,80,0.00,1.50,80

11353,0.00,1.50,80,0.00,1.50,80

11371,0.00,1.50,80,0.00,1.50,80

11386,0.00,1.50,80,0.00,1.50,80

11403,0.00,1.50,80,0.00,1.50,80

11420,0.00,1.50,80,0.00,1.50,80

11437,0.00,1.50,80,0.00,1.50,80

11452,0.00,1.50,80,0.00,1.50,80

11468,0.00,1.50,80,0.00,1.50,80

11486,0.00,1.50,80,0.00,1.50,80

11503,0.00,1.50,80,0.00,1.50,80

11521,0.00,1.50,80,0.00,1.50,80

11536,0.00,1.50,80,0.00,1.50,80

11553,0.00,1.50,80,0.00,1.50,80

11571,0.00,1.50,80,0.00,1.50,80

11587,0.00,1.50,80,0.00,1.50,80

11603,0.00,1.50,80,0.00,1.50,80

11619,0.00,1.50,80,0.00,1.50,80

11638,0.00,1.50,80,0.00,1.50,80

11652,0.00,1.50,80,0.00,1.50,80

11669,0.00,1.50,80,0.00,1.50,80

11686,0.00,1.50,80,0.00,1.50,80

11704,0.00,1.50,80,0.00,1.50,80

11720,0.00,1.50,80,0.00,1.50,80

11737,0.00,1.50,80,0.00,1.50,80

11753,0.00,1.50,80,0.00,1.50,80

11769,0.00,1.50,80,0.00,1.50,80

11786,0.00,1.50,80,0.00,1.50,80

11802,0.00,1.50,80,0.00,1.50,80

11820,0.00,1.50,80,0.00,1.50,80

11837,0.00,1.50,80,0.00,1.50,80

11854,0.00,1.50,80,0.00,1.50,80

11869,0.00,1.50,80,0.00,1.50,80

11887,0.00,1.50,80,0.00,1.50,80

11903,0.00,1.50,80,0.00,1.50,80

11920,0.00,1.50,80,0.00,1.50,80

11937,0.00,1.50,80,0.00,1.50,80

11953,0.00,1.50,80,0.00,1.50,80

11971,0.00,1.50,80,0.00,1.50,80

11987,0.00,1.50,80,0.00,1.50,80

12005,0.00,1.50,80,0.00,1.50,80

12020,0.00,1.50,80,0.00,1.50,80

12038,0.00,1.50,80,0.00,1.50,80

12052,0.00,1.50,80,0.00,1.50,80

12070,0.00,1.50,80,0.00,1.50,80

12086,0.00,1.50,80,0.00,1.50,80

12103,0.00,1.50,80,0.00,1.50,80

12120,0.00,1.50,80,0.00,1.50,80

12137,0.00,1.50,80,0.00,1.50,80

12153,0.00,1.50,80,0.00,1.50,80

12170,0.00,1.50,80,0.00,1.50,80

12186,0.00,1.50,80,0.00,1.50,80

12203,0.00,1.50,80,0.00,1.50,80

12220,0.00,1.50,80,0.00,1.50,80

12237,0.00,1.50,80,0.00,1.50,80

12253,0.00,1.50,80,0.00,1.50,80

12271,0.00,1.50,80,0.00,1.50,80

12287,0.00,1.50,80,0.00,1.50,80

12303,0.00,1.50,80,0.00,1.50,80

12320,0.00,1.50,80,0.00,1.50,80

12336,0.00,1.50,80,0.00,1.50,80

12354,0.00,1.50,80,0.00,1.50,80

12369,0.00,1.50,80,0.00,1.50,80

12388,0.00,1.50,80,0.00,1.50,80

12402,0.00,1.50,80,0.00,1.50,80

12420,0.00,1.50,80,0.00,1.50,80

12436,0.00,1.50,80,0.00,1.50,80

12452,0.00,1.50,80,0.00,1.50,80

12470,0.00,1.50,80,0.00,1.50,80

12487,0.00,1.50,80,0.00,1.50,80

12504,0.00,1.50,80,0.00,1.50,80

12520,0.00,1.50,80,0.00,1.50,80

12537,0.00,1.50,80,0.00,1.50,80

12554,0.00,1.50,80,0.00,1.50,80

12571,0.00,1.50,80,0.00,1.50,80

12587,0.00,1.50,80,0.00,1.50,80

12603,0.00,1.50,80,0.00,1.50,80

12621,0.00,1.50,80,0.00,1.50,80

12636,0.00,1.50,80,0.00,1.50,80

12653,0.00,1.50,80,0.00,1.50,80

12670,0.00,1.50,80,0.00,1.50,80

12687,0.00,1.50,80,0.00,1.50,80

12703,0.00,1.50,80,0.00,1.50,80

12719,0.00,1.50,80,0.00,1.50,80

12738,0.00,1.50,80,0.00,1.50,80

12753,0.00,1.50,80,0.00,1.50,80

12770,0.00,1.50,80,0.00,1.50,80

12788,0.00,1.50,80,0.00,1.50,80

12804,0.00,1.50,80,0.00,1.50,80

12820,0.00,1.50,80,0.00,1.50,80

12837,0.00,1.50,80,0.00,1.50,80

12852,0.00,1.50,80,0.00,1.50,80

12869,0.00,1.50,80,0.00,1.50,80

12886,0.00,1.50,80,0.00,1.50,80

12904,0.00,1.50,80,0.00,1.50,80

12919,0.00,1.50,80,0.00,1.50,80

12936,0.00,1.50,80,0.00,1.50,80

12953,0.00,1.50,80,0.00,1.50,80

12970,0.00,1.50,80,0.00,1.50,80

12987,0.00,1.50,80,0.00,1.50,80

13004,0.00,1.50,80,0.00,1.50,80

13019,0.00,1.50,80,0.00,1.50,80

13036,0.00,1.50,80,0.00,1.50,80

13053,0.00,1.50,80,0.00,1.50,80

13071,0.00,1.50,80,0.00,1.50,80

13087,0.00,1.50,80,0.00,1.50,80

13103,0.00,1.50,80,0.00,1.50,80

13120,0.00,1.50,80,0.00,1.50,80

13137,0.00,1.50,80,0.00,1.50,80

13155,0.00,1.50,80,0.00,1.50,80

13170,0.00,1.50,80,0.00,1.50,80

13187,0.00,1.50,80,0.00,1.50,80

13203,0.00,1.50,80,0.00,1.50,80

13220,0.00,1.50,80,0.00,1.50,80

13236,0.00,1.50,80,0.00,1.50,80

13254,0.00,1.50,80,0.00,1.50,80

13271,0.00,1.50,80,0.00,1.50,80

13287,0.00,1.50,80,0.00,1.50,80

13304,0.00,1.50,80,0.00,1.50,80

13320,0.00,1.50,80,0.00,1.50,80

13337,0.00,1.50,80,0.00,1.50,80

13355,0.00,1.50,80,0.00,1.50,80

13371,0.00,1.50,80,0.00,1.50,80

13387,0.00,1.50,80,0.00,1.50,80

13403,0.00,1.50,80,0.00,1.50,80

13422,0.00,1.50,80,0.00,1.50,80

13436,0.00,1.50,80,0.00,1.50,80

13453,0.00,1.50,80,0.00,1.50,80

13470,0.00,1.50,80,0.00,1.50,80

13488,0.00,1.50,80,0.00,1.50,80

13503,0.00,1.50,80,0.00,1.50,80

13520,0.00,1.50,80,0.00,1.50,80

13538,0.00,1.50,80,0.00,1.50,80

13553,0.00,1.50,80,0.00,1.50,80

13570,0.00,1.50,80,0.00,1.50,80

13587,0.00,1.50,80,0.00,1.50,80

13603,0.00,1.50,80,0.00,1.50,80

13620,0.00,1.50,80,0.00,1.50,80

13637,0.00,1.50,80,0.00,1.50,80

13654,0.00,1.50,80,0.00,1.50,80

13670,0.00,1.50,80,0.00,1.50,80

13687,0.00,1.50,80,0.00,1.50,80

13704,0.00,1.50,80,0.00,1.50,80

13721,0.00,1.50,80,0.00,1.50,80

13736,0.00,1.50,80,0.00,1.50,80

13753,0.00,1.50,80,0.00,1.50,80

13771,0.00,1.50,80,0.00,1.50,80

13786,0.00,1.50,80,0.00,1.50,80

13805,0.00,1.50,80,0.00,1.50,80

13819,0.00,1.50,80,0.00,1.50,80

13837,0.00,1.50,80,0.00,1.50,80

13854,0.00,1.50,80,0.00,1.50,80

13870,0.00,1.50,80,0.00,1.50,80

13888,0.00,1.50,80,0.00,1.50,80

13903,0.00,1.50,80,0.00,1.50,80

13921,0.00,1.50,80,0.00,1.50,80

13935,0.00,1.50,80,0.00,1.50,80

13953,0.00,1.50,80,0.00,1.50,80

13970,0.00,1.50,80,0.00,1.50,80

13987,0.00,1.50,80,0.00,1.50,80

14003,0.00,1.50,80,0.00,1.50,80

14019,0.00,1.50,80,0.00,1.50,80

14037,0.00,1.50,80,0.00,1.50,80

14054,0.00,1.50,80,0.00,1.50,80

14069,0.00,1.50,80,0.00,1.50,80

14087,0.00,1.50,80,0.00,1.50,80

14104,0.00,1.50,80,0.00,1.50,80

14119,0.00,1.50,80,0.00,1.50,80

14137,0.00,1.50,80,0.00,1.50,80

14153,0.00,1.50,80,0.00,1.50,80

14170,0.00,1.50,80,0.00,1.50,80

14186,0.00,1.50,80,0.00,1.50,80

14204,0.00,1.50,80,0.00,1.50,80

14219,0.00,1.50,80,0.00,1.50,80

14237,0.00,1.50,80,0.00,1.50,80

14254,0.00,1.50,80,0.00,1.50,80

14269,0.00,1.50,80,0.00,1.50,80

14286,0.00,1.50,80,0.00,1.50,80

14304,0.00,1.50,80,0.00,1.50,80

14320,0.00,1.50,80,0.00,1.50,80

14337,0.00,1.50,80,0.00,1.50,80

14353,0.00,1.50,80,0.00,1.50,80

14370,0.00,1.50,80,0.00,1.50,80

14386,0.00,1.50,80,0.00,1.50,80

14403,0.00,1.50,80,0.00,1.50,80

14420,0.00,1.50,80,0.00,1.50,80

14437,0.00,1.50,80,0.00,1.50,80

14453,0.00,1.50,80,0.00,1.50,80

14470,0.00,1.50,80,0.00,1.50,80

14487,0.00,1.50,80,0.00,1.50,80

14503,0.00,1.50,80,0.00,1.50,80

14520,0.00,1.50,80,0.00,1.50,80

14537,0.00,1.50,80,0.00,1.50,80

14554,0.00,1.50,80,0.00,1.50,80

14569,0.00,1.50,80,0.00,1.50,80

14586,0.00,1.50,80,0.00,1.50,80

14602,0.00,1.50,80,0.00,1.50,80

14620,0.00,1.50,80,0.00,1.50,80

14636,0.00,1.50,80,0.00,1.50,80

14654,0.00,1.50,80,0.00,1.50,80

14669,0.00,1.50,80,0.00,1.50,80

14687,0.00,1.50,80,0.00,1.50,80

14703,0.00,1.50,80,0.00,1.50,80

14720,0.00,1.50,80,0.00,1.50,80

14735,0.00,1.50,80,0.00,1.50,80

14754,0.00,1.50,80,0.00,1.50,80

14771,0.00,1.50,80,0.00,1.50,80

14787,0.00,1.50,80,0.00,1.50,80

14804,0.00,1.50,80,0.00,1.50,80

14820,0.00,1.50,80,0.00,1.50,80

14837,0.00,1.50,80,0.00,1.50,80

14854,0.00,1.50,80,0.00,1.50,80

14869,0.00,1.50,80,0.00,1.50,80

14887,0.00,1.50,80,0.00,1.50,80

14903,0.00,1.50,80,0.00,1.50,80

14920,0.00,1.50,80,0.00,1.50,80

14936,0.00,1.50,80,0.00,1.50,80

14954,0.00,1.50,80,0.00,1.50,80

14970,0.00,1.50,80,0.00,1.50,80

14987,0.00,1.50,80,0.00,1.50,80

15002,0.00,1.50,80,0.00,1.50,80

15020,0.00,1.50,80,0.00,1.50,80

15038,0.00,1.50,80,0.00,1.50,80

15053,0.00,1.50,80,0.00,1.50,80

15070,0.00,1.50,80,0.00,1.50,80

15086,0.00,1.50,80,0.00,1.50,80

15103,0.00,1.50,80,0.00,1.50,80

15120,0.00,1.50,80,0.00,1.50,80

15137,0.00,1.50,80,0.00,1.50,80

15153,0.00,1.50,80,0.00,1.50,80

15170,0.00,1.50,80,0.00,1.50,80

15187,0.00,1.50,80,0.00,1.50,80

15202,0.00,1.50,80,0.00,1.50,80

15221,0.00,1.50,80,0.00,1.50,80

15237,0.00,1.50,80,0.00,1.50,80

15253,0.00,1.50,80,0.00,1.50,80

15270,0.00,1.50,80,0.00,1.50,80

15286,0.00,1.50,80,0.00,1.50,80

15303,0.00,1.50,80,0.00,1.50,80

15321,0.00,1.50,80,0.00,1.50,80

15334,0.00,1.50,80,0.00,1.50,80

15352,0.00,1.50,80,0.00,1.50,80

15372,0.00,1.50,80,0.00,1.50,80

15388,0.00,1.50,80,0.00,1.50,80

15402,0.00,1.50,80,0.00,1.50,80

15420,0.00,1.50,80,0.00,1.50,80

15437,0.00,1.50,80,0.00,1.50,80

15453,0.00,1.50,80,0.00,1.50,80

15470,0.00,1.50,80,0.00,1.50,80

15487,0.00,1.50,80,0.00,1.50,80

15503,0.00,1.50,80,0.00,1.50,80

15520,0.00,1.50,80,0.00,1.50,80

15536,0.00,1.50,80,0.00,1.50,80

15554,0.00,1.50,80,0.00,1.50,80

15569,0.00,1.50,80,0.00,1.50,80

15586,0.00,1.50,80,0.00,1.50,80

15604,0.00,1.50,80,0.00,1.50,80

15621,0.00,1.50,80,0.00,1.50,80

15637,0.00,1.50,80,0.00,1.50,80

15653,0.00,1.50,80,0.00,1.50,80

15671,0.00,1.50,80,0.00,1.50,80

15686,0.00,1.50,80,0.00,1.50,80

15703,0.00,1.50,80,0.00,1.50,80

15720,0.00,1.50,80,0.00,1.50,80

15737,0.00,1.50,80,0.00,1.50,80

15753,0.00,1.50,80,0.00,1.50,80

15770,0.00,1.50,80,0.00,1.50,80

15787,0.00,1.50,80,0.00,1.50,80

15804,0.00,1.50,80,0.00,1.50,80

15821,0.00,1.50,80,0.00,1.50,80

15837,0.00,1.50,80,0.00,1.50,80

15852,0.00,1.50,80,0.00,1.50,80

15872,0.00,1.50,80,0.00,1.50,80

15887,0.00,1.50,80,0.00,1.50,80

15904,0.00,1.50,80,0.00,1.50,80

15918,0.00,1.50,80,0.00,1.50,80

15935,0.00,1.50,80,0.00,1.50,80

15954,0.00,1.50,80,0.00,1.50,80

15971,0.00,1.50,80,0.00,1.50,80

15987,0.00,1.50,80,0.00,1.50,80

16003,0.00,1.50,80,0.00,1.50,80

16021,0.00,1.50,80,0.00,1.50,80

16037,0.00,1.50,80,0.00,1.50,80

16053,0.00,1.50,80,0.00,1.50,80

16071,0.00,1.50,80,0.00,1.50,80

16085,0.00,1.50,80,0.00,1.50,80

16105,0.00,1.50,80,0.00,1.50,80

16120,0.00,1.50,80,0.00,1.50,80

16134,0.00,1.50,80,0.00,1.50,80

16152,0.00,1.50,80,0.00,1.50,80

16170,0.00,1.50,80,0.00,1.50,80

16187,0.00,1.50,80,0.00,1.50,80

16203,0.00,1.50,80,0.00,1.50,80

16220,0.00,1.50,80,0.00,1.50,80

16237,0.00,1.50,80,0.00,1.50,80

16254,0.00,1.50,80,0.00,1.50,80

16270,0.00,1.50,80,0.00,1.50,80

16287,0.00,1.50,80,0.00,1.50,80

16303,0.00,1.50,80,0.00,1.50,80

16321,0.00,1.50,80,0.00,1.50,80

16337,0.00,1.50,80,0.00,1.50,80

16353,0.00,1.50,80,0.00,1.50,80

16371,0.00,1.50,80,0.00,1.50,80

16387,0.00,1.50,80,0.00,1.50,80

16404,0.00,1.50,80,0.00,1.50,80

16421,0.00,1.50,80,0.00,1.50,80

16437,0.00,1.50,80,0.00,1.50,80

16454,0.00,1.50,80,0.00,1.50,80

16470,0.00,1.50,80,0.00,1.50,80

16487,0.00,1.50,80,0.00,1.50,80

16504,0.00,1.50,80,0.00,1.50,80

16521,0.00,1.50,80,0.00,1.50,80

16536,0.00,1.50,80,0.00,1.50,80

16553,0.00,1.50,80,0.00,1.50,80

16569,0.00,1.50,80,0.00,1.50,80

16587,0.00,1.50,80,0.00,1.50,80

16605,0.00,1.50,80,0.00,1.50,80

16620,0.00,1.50,80,0.00,1.50,80

16638,0.00,1.50,80,0.00,1.50,80

16653,0.00,1.50,80,0.00,1.50,80

16670,0.00,1.50,80,0.00,1.50,80

16686,0.00,1.50,80,0.00,1.50,80

16704,0.00,1.50,80,0.00,1.50,80

16720,0.00,1.50,80,0.00,1.50,80

16736,0.00,1.50,80,0.00,1.50,80

16754,0.00,1.50,80,0.00,1.50,80

16770,0.00,1.50,80,0.00,1.50,80

16787,0.00,1.50,80,0.00,1.50,80

16803,0.00,1.50,80,0.00,1.50,80

16820,0.00,1.50,80,0.00,1.50,80

16838,0.00,1.50,80,0.00,1.50,80

16854,0.00,1.50,80,0.00,1.50,80

16870,0.00,1.50,80,0.00,1.50,80

16886,0.00,1.50,80,0.00,1.50,80

16903,0.00,1.50,80,0.00,1.50,80

16921,0.00,1.50,80,0.00,1.50,80

16937,0.00,1.50,80,0.00,1.50,80

16954,0.00,1.50,80,0.00,1.50,80

16969,0.00,1.50,80,0.00,1.50,80

16986,0.00,1.50,80,0.00,1.50,80

17003,0.00,1.50,80,0.00,1.50,80

17021,0.00,1.50,80,0.00,1.50,80

17036,0.00,1.50,80,0.00,1.50,80

17053,0.00,1.50,80,0.00,1.50,80

17071,0.00,1.50,80,0.00,1.50,80

17086,0.00,1.50,80,0.00,1.50,80

17103,0.00,1.50,80,0.00,1.50,80

17120,0.00,1.50,80,0.00,1.50,80

17137,0.00,1.50,80,0.00,1.50,80

17152,0.00,1.50,80,0.00,1.50,80

17172,0.00,1.50,80,0.00,1.50,80

17187,0.00,1.50,80,0.00,1.50,80

17203,0.00,1.50,80,0.00,1.50,80

17220,0.00,1.50,80,0.00,1.50,80

17237,0.00,1.50,80,0.00,1.50,80

17253,0.00,1.50,80,0.00,1.50,80

17270,0.00,1.50,80,0.00,1.50,80

17288,0.00,1.50,80,0.00,1.50,80

17304,0.00,1.50,80,0.00,1.50,80

17320,0.00,1.50,80,0.00,1.50,80

17337,0.00,1.50,80,0.00,1.50,80

17354,0.00,1.50,80,0.00,1.50,80

17370,0.00,1.50,80,0.00,1.50,80

17386,0.00,1.50,80,0.00,1.50,80

17405,0.00,1.50,80,0.00,1.50,80

17421,0.00,1.50,80,0.00,1.50,80

17437,0.00,1.50,80,0.00,1.50,80

17454,0.00,1.50,80,0.00,1.50,80

17470,0.00,1.50,80,0.00,1.50,80

17487,0.00,1.50,80,0.00,1.50,80

17504,0.00,1.50,80,0.00,1.50,80

17520,0.00,1.50,80,0.00,1.50,80

17537,0.00,1.50,80,0.00,1.50,80

17555,0.00,1.50,80,0.00,1.50,80

17571,0.00,1.50,80,0.00,1.50,80

17587,0.00,1.50,80,0.00,1.50,80

17603,0.00,1.50,80,0.00,1.50,80

17620,0.00,1.50,80,0.00,1.50,80

17637,0.00,1.50,80,0.00,1.50,80

17654,0.00,1.50,80,0.00,1.50,80

17671,0.00,1.50,80,0.00,1.50,80

17687,0.00,1.50,80,0.00,1.50,80

17704,0.00,1.50,80,0.00,1.50,80

17721,0.00,1.50,80,0.00,1.50,80

17737,0.00,1.50,80,0.00,1.50,80

17754,0.00,1.50,80,0.00,1.50,80

17771,0.00,1.50,80,0.00,1.50,80

17788,0.00,1.50,80,0.00,1.50,80

17805,0.00,1.50,80,0.00,1.50,80

17820,0.00,1.50,80,0.00,1.50,80

17838,0.00,1.50,80,0.00,1.50,80

17853,0.00,1.50,80,0.00,1.50,80

17871,0.00,1.50,80,0.00,1.50,80

17887,0.00,1.50,80,0.00,1.50,80

17904,0.00,1.50,80,0.00,1.50,80

17920,0.00,1.50,80,0.00,1.50,80

17938,0.00,1.50,80,0.00,1.50,80

17953,0.00,1.50,80,0.00,1.50,80

17969,0.00,1.50,80,0.00,1.50,80

17987,0.00,1.50,80,0.00,1.50,80

18004,0.00,1.50,80,0.00,1.50,80

18021,0.00,1.50,80,0.00,1.50,80

18037,0.00,1.50,80,0.00,1.50,80

18055,0.00,1.50,80,0.00,1.50,80

18070,0.00,1.50,80,0.00,1.50,80

18087,0.00,1.50,80,0.00,1.50,80

18103,0.00,1.50,80,0.00,1.50,80

18120,0.00,1.50,80,0.00,1.50,80

18137,0.00,1.50,80,0.00,1.50,80

18153,0.00,1.50,80,0.00,1.50,80

18171,0.00,1.50,80,0.00,1.50,80

18187,0.00,1.50,80,0.00,1.50,80

18205,0.00,1.50,80,0.00,1.50,80

18219,0.00,1.50,80,0.00,1.50,80

18236,0.00,1.50,80,0.00,1.50,80

18253,0.00,1.50,80,0.00,1.50,80

18271,0.00,1.50,80,0.00,1.50,80

18287,0.00,1.50,80,0.00,1.50,80

18304,0.00,1.50,80,0.00,1.50,80

18320,0.00,1.50,80,0.00,1.50,80

18337,0.00,1.50,80,0.00,1.50,80

18354,0.00,1.50,80,0.00,1.50,80

18370,0.00,1.50,80,0.00,1.50,80

18387,0.00,1.50,80,0.00,1.50,80

18403,0.00,1.50,80,0.00,1.50,80

18421,0.00,1.50,80,0.00,1.50,80

18437,0.00,1.50,80,0.00,1.50,80

18453,0.00,1.50,80,0.00,1.50,80

18471,0.00,1.50,80,0.00,1.50,80

18487,0.00,1.50,80,0.00,1.50,80

18504,0.00,1.50,80,0.00,1.50,80

18521,0.00,1.50,80,0.00,1.50,80

18537,0.00,1.50,80,0.00,1.50,80

18554,0.00,1.50,80,0.00,1.50,80

18570,0.00,1.50,80,0.00,1.50,80

18585,0.00,1.50,80,0.00,1.50,80

18604,0.00,1.50,80,0.00,1.50,80

18622,0.00,1.50,80,0.00,1.50,80

18637,0.00,1.50,80,0.00,1.50,80

18654,0.00,1.50,80,0.00,1.50,80

18671,0.00,1.50,80,0.00,1.50,80

18687,0.00,1.50,80,0.00,1.50,80

18704,0.00,1.50,80,0.00,1.50,80

18721,0.00,1.50,80,0.00,1.50,80

18735,0.00,1.50,80,0.00,1.50,80

18754,0.00,1.50,80,0.00,1.50,80

18770,0.00,1.50,80,0.00,1.50,80

18787,0.00,1.50,80,0.00,1.50,80

18804,0.00,1.50,80,0.00,1.50,80

18821,0.00,1.50,80,0.00,1.50,80

18838,0.00,1.50,80,0.00,1.50,80

18854,0.00,1.50,80,0.00,1.50,80

18870,0.00,1.50,80,0.00,1.50,80

18888,0.00,1.50,80,0.00,1.50,80

18905,0.00,1.50,80,0.00,1.50,80

18920,0.00,1.50,80,0.00,1.50,80

18936,0.00,1.50,80,0.00,1.50,80

18954,0.00,1.50,80,0.00,1.50,80

18972,0.00,1.50,80,0.00,1.50,80

18987,0.00,1.50,80,0.00,1.50,80

19004,0.00,1.50,80,0.00,1.50,80

19020,0.00,1.50,80,0.00,1.50,80

19036,0.00,1.50,80,0.00,1.50,80

19054,0.00,1.50,80,0.00,1.50,80

19071,0.00,1.50,80,0.00,1.50,80

19087,0.00,1.50,80,0.00,1.50,80

19104,0.00,1.50,80,0.00,1.50,80

19121,0.00,1.50,80,0.00,1.50,80

19136,0.00,1.50,80,0.00,1.50,80

19153,0.00,1.50,80,0.00,1.50,80

19170,0.00,1.50,80,0.00,1.50,80

19187,0.00,1.50,80,0.00,1.50,80

19204,0.00,1.50,80,0.00,1.50,80

19220,0.00,1.50,80,0.00,1.50,80

19237,0.00,1.50,80,0.00,1.50,80

19254,0.00,1.50,80,0.00,1.50,80

19271,0.00,1.50,80,0.00,1.50,80

19288,0.00,1.50,80,0.00,1.50,80

19304,0.00,1.50,80,0.00,1.50,80

19319,0.00,1.50,80,0.00,1.50,80

19336,0.00,1.50,80,0.00,1.50,80

19355,0.00,1.50,80,0.00,1.50,80

19370,0.00,1.50,80,0.00,1.50,80

19386,0.00,1.50,80,0.00,1.50,80

19404,0.00,1.50,80,0.00,1.50,80

19420,0.00,1.50,80,0.00,1.50,80

19437,0.00,1.50,80,0.00,1.50,80

19454,0.00,1.50,80,0.00,1.50,80

19470,0.00,1.50,80,0.00,1.50,80

19487,0.00,1.50,80,0.00,1.50,80

19504,0.00,1.50,80,0.00,1.50,80

19518,0.00,1.50,80,0.00,1.50,80

19535,0.00,1.50,80,0.00,1.50,80

19554,0.00,1.50,80,0.00,1.50,80

19570,0.00,1.50,80,0.00,1.50,80

19588,0.00,1.50,80,0.00,1.50,80

19604,0.00,1.50,80,0.00,1.50,80

19621,0.00,1.50,80,0.00,1.50,80

19638,0.00,1.50,80,0.00,1.50,80

19654,0.00,1.50,80,0.00,1.50,80

19671,0.00,1.50,80,0.00,1.50,80

19686,0.00,1.50,80,0.00,1.50,80

19704,0.00,1.50,80,0.00,1.50,80

19720,0.00,1.50,80,0.00,1.50,80

19738,0.00,1.50,80,0.00,1.50,80

19754,0.00,1.50,80,0.00,1.50,80

19771,0.00,1.50,80,0.00,1.50,80

19787,0.00,1.50,80,0.00,1.50,80

19804,0.00,1.50,80,0.00,1.50,80

19821,0.00,1.50,80,0.00,1.50,80

19838,0.00,1.50,80,0.00,1.50,80

19853,0.00,1.50,80,0.00,1.50,80

19871,0.00,1.50,80,0.00,1.50,80

19887,0.00,1.50,80,0.00,1.50,80

19904,0.00,1.50,80,0.00,1.50,80

19921,0.00,1.50,80,0.00,1.50,80

19937,0.00,1.50,80,0.00,1.50,80

19954,0.00,1.50,80,0.00,1.50,80

19970,0.00,1.50,80,0.00,1.50,80

19987,0.00,1.50,80,0.00,1.50,80

20004,0.00,1.50,80,0.00,1.50,80

20018,0.00,1.50,80,0.00,1.50,80

20038,0.00,1.50,80,0.00,1.50,80

20054,0.00,1.50,80,0.00,1.50,80

20070,0.00,1.50,80,0.00,1.50,80

20087,0.00,1.50,80,0.00,1.50,80

20101,0.00,1.50,80,0.00,1.50,80

20121,0.00,1.50,80,0.00,1.50,80

20138,0.00,1.50,80,0.00,1.50,80

20154,0.00,1.50,80,0.00,1.50,80

20171,0.00,1.50,80,0.00,1.50,80

20187,0.00,1.50,80,0.00,1.50,80

20204,0.00,1.50,80,0.00,1.50,80

20220,0.00,1.50,80,0.00,1.50,80

20238,0.00,1.50,80,0.00,1.50,80

20253,0.00,1.50,80,0.00,1.50,80

20271,0.00,1.50,80,0.00,1.50,80

20287,0.00,1.50,80,0.00,1.50,80

20304,0.00,1.50,80,0.00,1.50,80

20318,0.00,1.50,80,0.00,1.50,80

20337,0.00,1.50,80,0.00,1.50,80

20354,0.00,1.50,80,0.00,1.50,80

20370,0.00,1.50,80,0.00,1.50,80

20388,0.00,1.50,80,0.00,1.50,80

20404,0.00,1.50,80,0.00,1.50,80

20420,0.00,1.50,80,0.00,1.50,80

20437,0.00,1.50,80,0.00,1.50,80

20453,0.00,1.50,80,0.00,1.50,80

20471,0.00,1.50,80,0.00,1.50,80

20487,0.00,1.50,80,0.00,1.50,80

20505,0.00,1.50,80,0.00,1.50,80

20520,0.00,1.50,80,0.00,1.50,80

20537,0.00,1.50,80,0.00,1.50,80

20553,0.00,1.50,80,0.00,1.50,80

20571,0.00,1.50,80,0.00,1.50,80

20588,0.00,1.50,80,0.00,1.50,80

20604,0.00,1.50,80,0.00,1.50,80

20621,0.00,1.50,80,0.00,1.50,80

20638,0.00,1.50,80,0.00,1.50,80

20653,0.00,1.50,80,0.00,1.50,80

20671,0.00,1.50,80,0.00,1.50,80

20687,0.00,1.50,80,0.00,1.50,80

20704,0.00,1.50,80,0.00,1.50,80

20720,0.00,1.50,80,0.00,1.50,80

20737,0.00,1.50,80,0.00,1.50,80

20754,0.00,1.50,80,0.00,1.50,80

20771,0.00,1.50,80,0.00,1.50,80

20788,0.00,1.50,80,0.00,1.50,80

20804,0.00,1.50,80,0.00,1.50,80

20820,0.00,1.50,80,0.00,1.50,80

20838,0.00,1.50,80,0.00,1.50,80

20854,0.00,1.50,80,0.00,1.50,80

20869,0.00,1.50,80,0.00,1.50,80

20888,0.00,1.50,80,0.00,1.50,80

20903,0.00,1.50,80,0.00,1.50,80

20921,0.00,1.50,80,0.00,1.50,80

20937,0.00,1.50,80,0.00,1.50,80

20955,0.00,1.50,80,0.00,1.50,80

20970,0.00,1.50,80,0.00,1.50,80

20988,0.00,1.50,80,0.00,1.50,80

21003,0.00,1.50,80,0.00,1.50,80

21021,0.00,1.50,80,0.00,1.50,80

21038,0.00,1.50,80,0.00,1.50,80

21054,0.00,1.50,80,0.00,1.50,80

21071,0.00,1.50,80,0.00,1.50,80

21087,0.00,1.50,80,0.00,1.50,80

21105,0.00,1.50,80,0.00,1.50,80

21120,0.00,1.50,80,0.00,1.50,80

21138,0.00,1.50,80,0.00,1.50,80

21154,0.00,1.50,80,0.00,1.50,80

21171,0.00,1.50,80,0.00,1.50,80

21188,0.00,1.50,80,0.00,1.50,80

21204,0.00,1.50,80,0.00,1.50,80

21221,0.00,1.50,80,0.00,1.50,80

21238,0.00,1.50,80,0.00,1.50,80

21253,0.00,1.50,80,0.00,1.50,80

21271,0.00,1.50,80,0.00,1.50,80

21287,0.00,1.50,80,0.00,1.50,80

21305,0.00,1.50,80,0.00,1.50,80

21321,0.00,1.50,80,0.00,1.50,80

21337,0.00,1.50,80,0.00,1.50,80

21354,0.00,1.50,80,0.00,1.50,80

21371,0.00,1.50,80,0.00,1.50,80

21387,0.00,1.50,80,0.00,1.50,80

21403,0.00,1.50,80,0.00,1.50,80

21421,0.00,1.50,80,0.00,1.50,80

21437,0.00,1.50,80,0.00,1.50,80

21454,0.00,1.50,80,0.00,1.50,80

21471,0.00,1.50,80,0.00,1.50,80

21488,0.00,1.50,80,0.00,1.50,80

21503,0.00,1.50,80,0.00,1.50,80

21521,0.00,1.50,80,0.00,1.50,80

21538,0.00,1.50,80,0.00,1.50,80

21554,0.00,1.50,80,0.00,1.50,80

21570,0.00,1.50,80,0.00,1.50,80

21588,0.00,1.50,80,0.00,1.50,80

21603,0.00,1.50,80,0.00,1.50,80

21620,0.00,1.50,80,0.00,1.50,80

21637,0.00,1.50,80,0.00,1.50,80

21653,0.00,1.50,80,0.00,1.50,80

21669,0.00,1.50,80,0.00,1.50,80

21688,0.00,1.50,80,0.00,1.50,80

21704,0.00,1.50,80,0.00,1.50,80

21721,0.00,1.50,80,0.00,1.50,80

21737,0.00,1.50,80,0.00,1.50,80

21754,0.00,1.50,80,0.00,1.50,80

21771,0.00,1.50,80,0.00,1.50,80

21787,0.00,1.50,80,0.00,1.50,80

21804,0.00,1.50,80,0.00,1.50,80

21820,0.00,1.50,80,0.00,1.50,80

21837,0.00,1.50,80,0.00,1.50,80

21854,0.00,1.50,80,0.00,1.50,80

21870,0.00,1.50,80,0.00,1.50,80

21887,0.00,1.50,80,0.00,1.50,80

21904,0.00,1.50,80,0.00,1.50,80

21920,0.00,1.50,80,0.00,1.50,80

21936,0.00,1.50,80,0.00,1.50,80

21955,0.00,1.50,80,0.00,1.50,80

21971,0.00,1.50,80,0.00,1.50,80

21988,0.00,1.50,80,0.00,1.50,80

22004,0.00,1.50,80,0.00,1.50,80

22021,0.00,1.50,80,0.00,1.50,80

22037,0.00,1.50,80,0.00,1.50,80

22055,0.00,1.50,80,0.00,1.50,80

22069,0.00,1.50,80,0.00,1.50,80

22088,0.00,1.50,80,0.00,1.50,80

22104,0.00,1.50,80,0.00,1.50,80

22120,0.00,1.50,80,0.00,1.50,80

22137,0.00,1.50,80,0.00,1.50,80

22153,0.00,1.50,80,0.00,1.50,80

22170,0.00,1.50,80,0.00,1.50,80

22188,0.00,1.50,80,0.00,1.50,80

22204,0.00,1.50,80,0.00,1.50,80

22222,0.00,1.50,80,0.00,1.50,80

22237,0.00,1.50,80,0.00,1.50,80

22252,0.00,1.50,80,0.00,1.50,80

22269,0.00,1.50,80,0.00,1.50,80

22287,0.00,1.50,80,0.00,1.50,80

22304,0.00,1.50,80,0.00,1.50,80

22321,0.00,1.50,80,0.00,1.50,80

22338,0.00,1.50,80,0.00,1.50,80

22354,0.00,1.50,80,0.00,1.50,80

22371,0.00,1.50,80,0.00,1.50,80

22387,0.00,1.50,80,0.00,1.50,80

22404,0.00,1.50,80,0.00,1.50,80

22420,0.00,1.50,80,0.00,1.50,80

22437,0.00,1.50,80,0.00,1.50,80

22454,0.00,1.50,80,0.00,1.50,80

22471,0.00,1.50,80,0.00,1.50,80

22487,0.00,1.50,80,0.00,1.50,80

22503,0.00,1.50,80,0.00,1.50,80

22521,0.00,1.50,80,0.00,1.50,80

22538,0.00,1.50,80,0.00,1.50,80

22554,0.00,1.50,80,0.00,1.50,80

22571,0.00,1.50,80,0.00,1.50,80

22588,0.00,1.50,80,0.00,1.50,80

22604,0.00,1.50,80,0.00,1.50,80

22621,0.00,1.50,80,0.00,1.50,80

22637,0.00,1.50,80,0.00,1.50,80

22655,0.00,1.50,80,0.00,1.50,80

22671,0.00,1.50,80,0.00,1.50,80

22688,0.00,1.50,80,0.00,1.50,80

22704,0.00,1.50,80,0.00,1.50,80

22722,0.00,1.50,80,0.00,1.50,80

22738,0.00,1.50,80,0.00,1.50,80

22755,0.00,1.50,80,0.00,1.50,80

22771,0.00,1.50,80,0.00,1.50,80

22787,0.00,1.50,80,0.00,1.50,80

22804,0.00,1.50,80,0.00,1.50,80

22820,0.00,1.50,80,0.00,1.50,80

22838,0.00,1.50,80,0.00,1.50,80

22854,0.00,1.50,80,0.00,1.50,80

22871,0.00,1.50,80,0.00,1.50,80

22888,0.00,1.50,80,0.00,1.50,80

22905,0.00,1.50,80,0.00,1.50,80

22921,0.00,1.50,80,0.00,1.50,80

22936,0.00,1.50,80,0.00,1.50,80

22954,0.00,1.50,80,0.00,1.50,80

22971,0.00,1.50,80,0.00,1.50,80

22988,0.00,1.50,80,0.00,1.50,80

23005,0.00,1.50,80,0.00,1.50,80

23020,0.00,1.50,80,0.00,1.50,80

23036,0.00,1.50,80,0.00,1.50,80

23054,0.00,1.50,80,0.00,1.50,80

23070,0.00,1.50,80,0.00,1.50,80

23085,0.00,1.50,80,0.00,1.50,80

23105,0.00,1.50,80,0.00,1.50,80

23121,0.00,1.50,80,0.00,1.50,80

23138,0.00,1.50,80,0.00,1.50,80

23155,0.00,1.50,80,0.00,1.50,80

23171,0.00,1.50,80,0.00,1.50,80

23187,0.00,1.50,80,0.00,1.50,80

23205,0.00,1.50,80,0.00,1.50,80

23221,0.00,1.50,80,0.00,1.50,80

23237,0.00,1.50,80,0.00,1.50,80

23255,0.00,1.50,80,0.00,1.50,80

23272,0.00,1.50,80,0.00,1.50,80

23288,0.00,1.50,80,0.00,1.50,80

23304,0.00,1.50,80,0.00,1.50,80

23320,0.00,1.50,80,0.00,1.50,80

23338,0.00,1.50,80,0.00,1.50,80

23354,0.00,1.50,80,0.00,1.50,80

23372,0.00,1.50,80,0.00,1.50,80

23388,0.00,1.50,80,0.00,1.50,80

23405,0.00,1.50,80,0.00,1.50,80

23421,0.00,1.50,80,0.00,1.50,80

23438,0.00,1.50,80,0.00,1.50,80

23454,0.00,1.50,80,0.00,1.50,80

23471,0.00,1.50,80,0.00,1.50,80

23488,0.00,1.50,80,0.00,1.50,80

23504,0.00,1.50,80,0.00,1.50,80

23522,0.00,1.50,80,0.00,1.50,80

23537,0.00,1.50,80,0.00,1.50,80

23555,0.00,1.50,80,0.00,1.50,80

23571,0.00,1.50,80,0.00,1.50,80

23587,0.00,1.50,80,0.00,1.50,80

23604,0.00,1.50,80,0.00,1.50,80

23620,0.00,1.50,80,0.00,1.50,80

23638,0.00,1.50,80,0.00,1.50,80

23654,0.00,1.50,80,0.00,1.50,80

23671,0.00,1.50,80,0.00,1.50,80

23688,0.00,1.50,80,0.00,1.50,80

23704,0.00,1.50,80,0.00,1.50,80

23721,0.00,1.50,80,0.00,1.50,80

23737,0.00,1.50,80,0.00,1.50,80

23755,0.00,1.50,80,0.00,1.50,80

23770,0.00,1.50,80,0.00,1.50,80

23786,0.00,1.50,80,0.00,1.50,80

23805,0.00,1.50,80,0.00,1.50,80

23821,0.00,1.50,80,0.00,1.50,80

23838,0.00,1.50,80,0.00,1.50,80

23855,0.00,1.50,80,0.00,1.50,80

23871,0.00,1.50,80,0.00,1.50,80

23888,0.00,1.50,80,0.00,1.50,80

23904,0.00,1.50,80,0.00,1.50,80

23921,0.00,1.50,80,0.00,1.50,80

23937,0.00,1.50,80,0.00,1.50,80

23955,0.00,1.50,80,0.00,1.50,80

23970,0.00,1.50,80,0.00,1.50,80

23987,0.00,1.50,80,0.00,1.50,80

24004,0.00,1.50,80,0.00,1.50,80

24021,0.00,1.50,80,0.00,1.50,80

24038,0.00,1.50,80,0.00,1.50,80

24054,0.00,1.50,80,0.00,1.50,80

24071,0.00,1.50,80,0.00,1.50,80

24088,0.00,1.50,80,0.00,1.50,80

24104,0.00,1.50,80,0.00,1.50,80

24118,0.00,1.50,80,0.00,1.50,80

24137,0.00,1.50,80,0.00,1.50,80

24154,0.00,1.50,80,0.00,1.50,80

24171,0.00,1.50,80,0.00,1.50,80

24188,0.00,1.50,80,0.00,1.50,80

24204,0.00,1.50,80,0.00,1.50,80

24221,0.00,1.50,80,0.00,1.50,80

24237,0.00,1.50,80,0.00,1.50,80

24255,0.00,1.50,80,0.00,1.50,80

24271,0.00,1.50,80,0.00,1.50,80

24288,0.00,1.50,80,0.00,1.50,80

24305,0.00,1.50,80,0.00,1.50,80

24321,0.00,1.50,80,0.00,1.50,80

24337,0.00,1.50,80,0.00,1.50,80

24354,0.00,1.50,80,0.00,1.50,80

24370,0.00,1.50,80,0.00,1.50,80

24388,0.00,1.50,80,0.00,1.50,80

24405,0.00,1.50,80,0.00,1.50,80

24421,0.00,1.50,80,0.00,1.50,80

24438,0.00,1.50,80,0.00,1.50,80

24454,0.00,1.50,80,0.00,1.50,80

24470,0.00,1.50,80,0.00,1.50,80

24488,0.00,1.50,80,0.00,1.50,80

24505,0.00,1.50,80,0.00,1.50,80

24520,0.00,1.50,80,0.00,1.50,80

24537,0.00,1.50,80,0.00,1.50,80

24555,0.00,1.50,80,0.00,1.50,80

24571,0.00,1.50,80,0.00,1.50,80

24585,0.00,1.50,80,0.00,1.50,80

24602,0.00,1.50,80,0.00,1.50,80

24622,0.00,1.50,80,0.00,1.50,80

24638,0.00,1.50,80,0.00,1.50,80

24654,0.00,1.50,80,0.00,1.50,80

24671,0.00,1.50,80,0.00,1.50,80

24688,0.00,1.50,80,0.00,1.50,80

24704,0.00,1.50,80,0.00,1.50,80

24721,0.00,1.50,80,0.00,1.50,80

24737,0.00,1.50,80,0.00,1.50,80

24755,0.00,1.50,80,0.00,1.50,80

24771,0.00,1.50,80,0.00,1.50,80

24788,0.00,1.50,80,0.00,1.50,80

24804,0.00,1.50,80,0.00,1.50,80

24821,0.00,1.50,80,0.00,1.50,80

24838,0.00,1.50,80,0.00,1.50,80

24854,0.00,1.50,80,0.00,1.50,80

24871,0.00,1.50,80,0.00,1.50,80

24888,0.00,1.50,80,0.00,1.50,80

24905,0.00,1.50,80,0.00,1.50,80

24921,0.00,1.50,80,0.00,1.50,80

24938,0.00,1.50,80,0.00,1.50,80

24955,0.00,1.50,80,0.00,1.50,80

24971,0.00,1.50,80,0.00,1.50,80

24987,0.00,1.50,80,0.00,1.50,80

25004,0.00,1.50,80,0.00,1.50,80

25021,0.00,1.50,80,0.00,1.50,80

25036,0.00,1.50,80,0.00,1.50,80

25056,0.00,1.50,80,0.00,1.50,80

25070,0.00,1.50,80,0.00,1.50,80

25088,0.00,1.50,80,0.00,1.50,80

25105,0.00,1.50,80,0.00,1.50,80

25120,0.00,1.50,80,0.00,1.50,80

25138,0.00,1.50,80,0.00,1.50,80

25155,0.00,1.50,80,0.00,1.50,80

25172,0.00,1.50,80,0.00,1.50,80

25188,0.00,1.50,80,0.00,1.50,80

25206,0.00,1.50,80,0.00,1.50,80

25220,0.00,1.50,80,0.00,1.50,80

25238,0.00,1.50,80,0.00,1.50,80

25254,0.00,1.50,80,0.00,1.50,80

25269,0.00,1.50,80,0.00,1.50,80

25287,0.00,1.50,80,0.00,1.50,80

25305,0.00,1.50,80,0.00,1.50,80

25321,0.00,1.50,80,0.00,1.50,80

25337,0.00,1.50,80,0.00,1.50,80

25354,0.00,1.50,80,0.00,1.50,80

25371,0.00,1.50,80,0.00,1.50,80

25388,0.00,1.50,80,0.00,1.50,80

25404,0.00,1.50,80,0.00,1.50,80

25421,0.00,1.50,80,0.00,1.50,80

25438,0.00,1.50,80,0.00,1.50,80

25453,0.00,1.50,80,0.00,1.50,80

25473,0.00,1.50,80,0.00,1.50,80

25487,0.00,1.50,80,0.00,1.50,80

25505,0.00,1.50,80,0.00,1.50,80

25522,0.00,1.50,80,0.00,1.50,80

25538,0.00,1.50,80,0.00,1.50,80

25555,0.00,1.50,80,0.00,1.50,80

25571,0.00,1.50,80,0.00,1.50,80

25589,0.00,1.50,80,0.00,1.50,80

25604,0.00,1.50,80,0.00,1.50,80

25621,0.00,1.50,80,0.00,1.50,80

25637,0.00,1.50,80,0.00,1.50,80

25655,0.00,1.50,80,0.00,1.50,80

25670,0.00,1.50,80,0.00,1.50,80

25687,0.00,1.50,80,0.00,1.50,80

25705,0.00,1.50,80,0.00,1.50,80

25722,0.00,1.50,80,0.00,1.50,80

25737,0.00,1.50,80,0.00,1.50,80

25754,0.00,1.50,80,0.00,1.50,80

25772,0.00,1.50,80,0.00,1.50,80

25788,0.00,1.50,80,0.00,1.50,80

25805,0.00,1.50,80,0.00,1.50,80

25821,0.00,1.50,80,0.00,1.50,80

25838,0.00,1.50,80,0.00,1.50,80

25855,0.00,1.50,80,0.00,1.50,80

25871,0.00,1.50,80,0.00,1.50,80

25887,0.00,1.50,80,0.00,1.50,80

25904,0.00,1.50,80,0.00,1.50,80

25921,0.00,1.50,80,0.00,1.50,80

25937,0.00,1.50,80,0.00,1.50,80

25954,0.00,1.50,80,0.00,1.50,80

25972,0.00,1.50,80,0.00,1.50,80

25987,0.00,1.50,80,0.00,1.50,80

26004,0.00,1.50,80,0.00,1.50,80

26020,0.00,1.50,80,0.00,1.50,80

26037,0.00,1.50,80,0.00,1.50,80

26053,0.00,1.50,80,0.00,1.50,80

26071,0.00,1.50,80,0.00,1.50,80

26088,0.00,1.50,80,0.00,1.50,80

26104,0.00,1.50,80,0.00,1.50,80

26122,0.00,1.50,80,0.00,1.50,80

26138,0.00,1.50,80,0.00,1.50,80

26154,0.00,1.50,80,0.00,1.50,80

26171,0.00,1.50,80,0.00,1.50,80

26186,0.00,1.50,80,0.00,1.50,80

26205,0.00,1.50,80,0.00,1.50,80

26222,0.00,1.50,80,0.00,1.50,80

26238,0.00,1.50,80,0.00,1.50,80

26255,0.00,1.50,80,0.00,1.50,80

26271,0.00,1.50,80,0.00,1.50,80

26288,0.00,1.50,80,0.00,1.50,80

26304,0.00,1.50,80,0.00,1.50,80

26321,0.00,1.50,80,0.00,1.50,80

26338,0.00,1.50,80,0.00,1.50,80

26355,0.00,1.50,80,0.00,1.50,80

26370,0.00,1.50,80,0.00,1.50,80

26387,0.00,1.50,80,0.00,1.50,80

26404,0.00,1.50,80,0.00,1.50,80

26422,0.00,1.50,80,0.00,1.50,80

26437,0.00,1.50,80,0.00,1.50,80

26453,0.00,1.50,80,0.00,1.50,80

26468,0.00,1.50,80,0.00,1.50,80

26487,0.00,1.50,80,0.00,1.50,80

26505,0.00,1.50,80,0.00,1.50,80

26521,0.00,1.50,80,0.00,1.50,80

26538,0.00,1.50,80,0.00,1.50,80

26552,0.00,1.50,80,0.00,1.50,80

26570,0.00,1.50,80,0.00,1.50,80

26588,0.00,1.50,80,0.00,1.50,80

26605,0.00,1.50,80,0.00,1.50,80

26621,0.00,1.50,80,0.00,1.50,80

26638,0.00,1.50,80,0.00,1.50,80

26655,0.00,1.50,80,0.00,1.50,80

26671,0.00,1.50,80,0.00,1.50,80

26687,0.00,1.50,80,0.00,1.50,80

26703,0.00,1.50,80,0.00,1.50,80

26721,0.00,1.50,80,0.00,1.50,80

26738,0.00,1.50,80,0.00,1.50,80

26755,0.00,1.50,80,0.00,1.50,80

26771,0.00,1.50,80,0.00,1.50,80

26787,0.00,1.50,80,0.00,1.50,80

26805,0.00,1.50,80,0.00,1.50,80

26822,0.00,1.50,80,0.00,1.50,80

26838,0.00,1.50,80,0.00,1.50,80

26855,0.00,1.50,80,0.00,1.50,80

26871,0.00,1.50,80,0.00,1.50,80

26888,0.00,1.50,80,0.00,1.50,80

26905,0.00,1.50,80,0.00,1.50,80

26920,0.00,1.50,80,0.00,1.50,80

26938,0.00,1.50,80,0.00,1.50,80

26954,0.00,1.50,80,0.00,1.50,80

26971,0.00,1.50,80,0.00,1.50,80

26988,0.00,1.50,80,0.00,1.50,80

27004,0.00,1.50,80,0.00,1.50,80

27021,0.00,1.50,80,0.00,1.50,80

27038,0.00,1.50,80,0.00,1.50,80

27055,0.00,1.50,80,0.00,1.50,80

27069,0.00,1.50,80,0.00,1.50,80

27085,0.00,1.50,80,0.00,1.50,80

27104,0.00,1.50,80,0.00,1.50,80

27122,0.00,1.50,80,0.00,1.50,80

27137,0.00,1.50,80,0.00,1.50,80

27153,0.00,1.50,80,0.00,1.50,80

27171,0.00,1.50,80,0.00,1.50,80

27187,0.00,1.50,80,0.00,1.50,80

27204,0.00,1.50,80,0.00,1.50,80

27220,0.00,1.50,80,0.00,1.50,80

27236,0.00,1.50,80,0.00,1.50,80

27255,0.00,1.50,80,0.00,1.50,80

27270,0.00,1.50,80,0.00,1.50,80

27288,0.00,1.50,80,0.00,1.50,80

27304,0.00,1.50,80,0.00,1.50,80

27322,0.00,1.50,80,0.00,1.50,80

27338,0.00,1.50,80,0.00,1.50,80

27354,0.00,1.50,80,0.00,1.50,80

27371,0.00,1.50,80,0.00,1.50,80

27388,0.00,1.50,80,0.00,1.50,80

27404,0.00,1.50,80,0.00,1.50,80

27420,0.00,1.50,80,0.00,1.50,80

27438,0.00,1.50,80,0.00,1.50,80

27454,0.00,1.50,80,0.00,1.50,80

27472,0.00,1.50,80,0.00,1.50,80

27488,0.00,1.50,80,0.00,1.50,80

27504,0.00,1.50,80,0.00,1.50,80

27522,0.00,1.50,80,0.00,1.50,80

27538,0.00,1.50,80,0.00,1.50,80

27554,0.00,1.50,80,0.00,1.50,80

27571,0.00,1.50,80,0.00,1.50,80

27587,0.00,1.50,80,0.00,1.50,80

27605,0.00,1.50,80,0.00,1.50,80

27622,0.00,1.50,80,0.00,1.50,80

27637,0.00,1.50,80,0.00,1.50,80

27655,0.00,1.50,80,0.00,1.50,80

27672,0.00,1.50,80,0.00,1.50,80

27688,0.00,1.50,80,0.00,1.50,80

27704,0.00,1.50,80,0.00,1.50,80

27720,0.00,1.50,80,0.00,1.50,80

27738,0.00,1.50,80,0.00,1.50,80

27754,0.00,1.50,80,0.00,1.50,80

27771,0.00,1.50,80,0.00,1.50,80

27788,0.00,1.50,80,0.00,1.50,80

27804,0.00,1.50,80,0.00,1.50,80

27822,0.00,1.50,80,0.00,1.50,80

27837,0.00,1.50,80,0.00,1.50,80

27855,0.00,1.50,80,0.00,1.50,80

27872,0.00,1.50,80,0.00,1.50,80

27887,0.00,1.50,80,0.00,1.50,80

27905,0.00,1.50,80,0.00,1.50,80

27921,0.00,1.50,80,0.00,1.50,80

27937,0.00,1.50,80,0.00,1.50,80

27955,0.00,1.50,80,0.00,1.50,80

27972,0.00,1.50,80,0.00,1.50,80

27988,0.00,1.50,80,0.00,1.50,80

28004,0.00,1.50,80,0.00,1.50,80

28021,0.00,1.50,80,0.00,1.50,80

28039,0.00,1.50,80,0.00,1.50,80

28055,0.00,1.50,80,0.00,1.50,80

28071,0.00,1.50,80,0.00,1.50,80

28089,0.00,1.50,80,0.00,1.50,80

28104,0.00,1.50,80,0.00,1.50,80

28122,0.00,1.50,80,0.00,1.50,80

28138,0.00,1.50,80,0.00,1.50,80

28154,0.00,1.50,80,0.00,1.50,80

28172,0.00,1.50,80,0.00,1.50,80

28187,0.00,1.50,80,0.00,1.50,80

28205,0.00,1.50,80,0.00,1.50,80

28220,0.00,1.50,80,0.00,1.50,80

28238,0.00,1.50,80,0.00,1.50,80

28254,0.00,1.50,80,0.00,1.50,80

28271,0.00,1.50,80,0.00,1.50,80

28288,0.00,1.50,80,0.00,1.50,80

28305,0.00,1.50,80,0.00,1.50,80

28322,0.00,1.50,80,0.00,1.50,80

28338,0.00,1.50,80,0.00,1.50,80

28355,0.00,1.50,80,0.00,1.50,80

28371,0.00,1.50,80,0.00,1.50,80

28388,0.00,1.50,80,0.00,1.50,80

28405,0.00,1.50,80,0.00,1.50,80

28422,0.00,1.50,80,0.00,1.50,80

28438,0.00,1.50,80,0.00,1.50,80

28455,0.00,1.50,80,0.00,1.50,80

28472,0.00,1.50,80,0.00,1.50,80

28488,0.00,1.50,80,0.00,1.50,80

28506,0.00,1.50,80,0.00,1.50,80

28521,0.00,1.50,80,0.00,1.50,80

28538,0.00,1.50,80,0.00,1.50,80

28554,0.00,1.50,80,0.00,1.50,80

28572,0.00,1.50,80,0.00,1.50,80

28588,0.00,1.50,80,0.00,1.50,80

28604,0.00,1.50,80,0.00,1.50,80

28621,0.00,1.50,80,0.00,1.50,80

28638,0.00,1.50,80,0.00,1.50,80

28655,0.00,1.50,80,0.00,1.50,80

28671,0.00,1.50,80,0.00,1.50,80

28687,0.00,1.50,80,0.00,1.50,80

28704,0.00,1.50,80,0.00,1.50,80

28721,0.00,1.50,80,0.00,1.50,80

28738,0.00,1.50,80,0.00,1.50,80

28755,0.00,1.50,80,0.00,1.50,80

28772,0.00,1.50,80,0.00,1.50,80

28787,0.00,1.50,80,0.00,1.50,80

28805,0.00,1.50,80,0.00,1.50,80

28822,0.00,1.50,80,0.00,1.50,80

28837,0.00,1.50,80,0.00,1.50,80

28854,0.00,1.50,80,0.00,1.50,80

28871,0.00,1.50,80,0.00,1.50,80

28889,0.00,1.50,80,0.00,1.50,80

28904,0.00,1.50,80,0.00,1.50,80

28922,0.00,1.50,80,0.00,1.50,80

28938,0.00,1.50,80,0.00,1.50,80

28955,0.00,1.50,80,0.00,1.50,80

28971,0.00,1.50,80,0.00,1.50,80

28988,0.00,1.50,80,0.00,1.50,80

29004,0.00,1.50,80,0.00,1.50,80

29021,0.00,1.50,80,0.00,1.50,80

29038,0.00,1.50,80,0.00,1.50,80

29054,0.00,1.50,80,0.00,1.50,80

29070,0.00,1.50,80,0.00,1.50,80

29088,0.00,1.50,80,0.00,1.50,80

29102,0.00,1.50,80,0.00,1.50,80

29119,0.00,1.50,80,0.00,1.50,80

29139,0.00,1.50,80,0.00,1.50,80

29154,0.00,1.50,80,0.00,1.50,80

29171,0.00,1.50,80,0.00,1.50,80

29189,0.00,1.50,80,0.00,1.50,80

29204,0.00,1.50,80,0.00,1.50,80

29221,0.00,1.50,80,0.00,1.50,80

29238,0.00,1.50,80,0.00,1.50,80

29254,0.00,1.50,80,0.00,1.50,80

29272,0.00,1.50,80,0.00,1.50,80

29288,0.00,1.50,80,0.00,1.50,80

29305,0.00,1.50,80,0.00,1.50,80

29321,0.00,1.50,80,0.00,1.50,80

29339,0.00,1.50,80,0.00,1.50,80

29355,0.00,1.50,80,0.00,1.50,80

29372,0.00,1.50,80,0.00,1.50,80

29388,0.00,1.50,80,0.00,1.50,80

29404,0.00,1.50,80,0.00,1.50,80

29422,0.00,1.50,80,0.00,1.50,80

29438,0.00,1.50,80,0.00,1.50,80

29455,0.00,1.50,80,0.00,1.50,80

29470,0.00,1.50,80,0.00,1.50,80

29488,0.00,1.50,80,0.00,1.50,80

29505,0.00,1.50,80,0.00,1.50,80

29519,0.00,1.50,80,0.00,1.50,80

29536,0.00,1.50,80,0.00,1.50,80

29555,0.00,1.50,80,0.00,1.50,80

29571,0.00,1.50,80,0.00,1.50,80

29589,0.00,1.50,80,0.00,1.50,80

29605,0.00,1.50,80,0.00,1.50,80

29622,0.00,1.50,80,0.00,1.50,80

29638,0.00,1.50,80,0.00,1.50,80

29655,0.00,1.50,80,0.00,1.50,80

29672,0.00,1.50,80,0.00,1.50,80

29688,0.00,1.50,80,0.00,1.50,80

29704,0.00,1.50,80,0.00,1.50,80

29722,0.00,1.50,80,0.00,1.50,80

29738,0.00,1.50,80,0.00,1.50,80

29755,0.00,1.50,80,0.00,1.50,80

29771,0.00,1.50,80,0.00,1.50,80

29789,0.00,1.50,80,0.00,1.50,80

29805,0.00,1.50,80,0.00,1.50,80

29821,0.00,1.50,80,0.00,1.50,80

29838,0.00,1.50,80,0.00,1.50,80

29854,0.00,1.50,80,0.00,1.50,80

29872,0.00,1.50,80,0.00,1.50,80

29888,0.00,1.50,80,0.00,1.50,80

29904,0.00,1.50,80,0.00,1.50,80

29921,0.00,1.50,80,0.00,1.50,80

29938,0.00,1.50,80,0.00,1.50,80

29954,0.00,1.50,80,0.00,1.50,80

29972,0.00,1.50,80,0.00,1.50,80

29987,0.00,1.50,80,0.00,1.50,80

30005,0.00,1.50,80,0.00,1.50,80

